Project ID,Organisation ID - (Value),Organisation Role Category - (Value),Maximum potential Outcome payment - Currency - (Value),Maximum potential Outcome payment - Amount - (Value),Maximum potential Outcome payment - Amount USD - (Value),Result type - (Value),Period - Start - (Value),Period - End - (Value),Total outcome payments made - Currency - (Value),Total outcome payments made - Amount - (Value),Total outcome payments made - Amount USD - (Value),Alterations to payment commitment - Description - (Value),Alterations to payment commitment - Reason - (Value),Sources,Notes
INDIGO-POJ-0001,INDIGO-ORG-0504,Government/Public Sector/Public Bank,ARS,48400000,1245496.65,,,,,,,,,,
INDIGO-POJ-0002,INDIGO-ORG-1344,Government/Public Sector/Public Bank,AUD,11000000,8430681.669666667,,,,,,,,,,
INDIGO-POJ-0003,INDIGO-ORG-0571,,,,,,,,,,,,,,
INDIGO-POJ-0003,INDIGO-ORG-0572,,,,,,,,,,,,,,
INDIGO-POJ-0004,INDIGO-ORG-0920,,,1200000,,,,,,,,,,,
INDIGO-POJ-0004,INDIGO-ORG-0916,,,=D41-D36,,,,,,,,,,,
INDIGO-POJ-0005,INDIGO-ORG-0571,,AUD,47000000,,,,,,,,,,,
INDIGO-POJ-0006,INDIGO-ORG-0964,,,,,,,,,,,,,,
INDIGO-POJ-0007,INDIGO-ORG-0216,Government/Public Sector/Public Bank,AUD,23900000,18317571.9902286,,,,,,,,,,
INDIGO-POJ-0008,INDIGO-ORG-0614,,,,,,,,,,,,,,
INDIGO-POJ-0009,INDIGO-ORG-0614,,,,,,,,,,,,,,
INDIGO-POJ-0010,INDIGO-ORG-0205,,,804688,,,,,,,,,,,
INDIGO-POJ-0011,INDIGO-ORG-0043,,,290000,,,,,,,,,,,
INDIGO-POJ-0012,INDIGO-ORG-0140,,,,,,,,,,,,,,
INDIGO-POJ-0012,INDIGO-ORG-0141,,,,,,,,,,,,,,
INDIGO-POJ-0013,INDIGO-ORG-0709,,,,,,,,,,,,,,
INDIGO-POJ-0014,INDIGO-ORG-0073,Government/Public Sector/Public Bank,,"$10,000,000",,,,,,,,,,,
INDIGO-POJ-0015,INDIGO-ORG-0465,,USD,2000000,2000000,,,,,,,,,,
INDIGO-POJ-0015,INDIGO-ORG-0466,,USD,800000,800000,,,,,,,,,,
INDIGO-POJ-0016,INDIGO-ORG-0438,,,2240000,,,,,,,,,,,
INDIGO-POJ-0016,INDIGO-ORG-0439,,,280000,,,,,,,,,,,
INDIGO-POJ-0016,INDIGO-ORG-0440,,,280000,,,,,,,,,,,
INDIGO-POJ-0017,INDIGO-ORG-0550,,,C$1.16M (estimate),,,,,,,,,,,
INDIGO-POJ-0018,INDIGO-ORG-0761,,,"C$4,000,000",,,,,,,,,,,
INDIGO-POJ-0019,INDIGO-ORG-0673,,,"C$300,000",,,,,,C$,,,,,
INDIGO-POJ-0020,INDIGO-ORG-0591,,,C$1.3M,,,,,,C$,,,,,
INDIGO-POJ-0021,INDIGO-ORG-1021,,,,,,,,,,,,,,
INDIGO-POJ-0021,INDIGO-ORG-1022,,,,,,,,,,,,,,
INDIGO-POJ-0021,INDIGO-ORG-1023,,,,,,,,,,,,,,
INDIGO-POJ-0021,INDIGO-ORG-1024,,,,,,,,,,,,,,
INDIGO-POJ-0022,INDIGO-ORG-0282,,,,,,,,,,,,,,
INDIGO-POJ-0023,INDIGO-ORG-1052,,,,,,,,,,,,,,
INDIGO-POJ-0023,INDIGO-ORG-0510,,,,,,,,,,,,,,
INDIGO-POJ-0023,INDIGO-ORG-0282,,,,,,,,,,,,,,
INDIGO-POJ-0024,INDIGO-ORG-0546,,,,,,,,,,,,,,
INDIGO-POJ-0025,INDIGO-ORG-0386,,,,,,,,,,,,,,
INDIGO-POJ-0026,INDIGO-ORG-0337,,,800000,,,,,,,,,,,
INDIGO-POJ-0026,INDIGO-ORG-0021,,,,,,,,,,,,,,
INDIGO-POJ-0026,INDIGO-ORG-0020,,,,,,,,,,,,,,
INDIGO-POJ-0026,INDIGO-ORG-0339,,,200000,,,,,,,,,,,
INDIGO-POJ-0027,INDIGO-ORG-0019,,,,,,,,,,,,,,
INDIGO-POJ-0027,INDIGO-ORG-0020,,,,,,,,,,,,,,
INDIGO-POJ-0027,INDIGO-ORG-0021,,,,,,,,,,,,,,
INDIGO-POJ-0028,INDIGO-ORG-0019,,,,,,,,,,,,,,
INDIGO-POJ-0028,INDIGO-ORG-0020,,,,,,,,,,,,,,
INDIGO-POJ-0028,INDIGO-ORG-0021,,,,,,,,,,,,,,
INDIGO-POJ-0029,INDIGO-ORG-1122,Government/Public Sector/Public Bank,EUR,2500000,,,,,,,,,,,
INDIGO-POJ-0030,INDIGO-ORG-0021,,,1000000,,,,,,,,,,,
INDIGO-POJ-0031,INDIGO-ORG-0021,,,1500000,,,,,,,,,,,
INDIGO-POJ-0032,INDIGO-ORG-1009,,,,,,,,,,,,,,
INDIGO-POJ-0033,INDIGO-ORG-0740,,,,,,,,,250000,,,,,
INDIGO-POJ-0034,INDIGO-ORG-0315,,,,,,,,,,,,,,
INDIGO-POJ-0035,INDIGO-ORG-0533,,USD,422000,422000,,2015-06,2018-06,USD,422000,422000,,,,
INDIGO-POJ-0036,INDIGO-ORG-0185,Nonprofit/NGO,,3746939,,,,,,,,,,,Michael and Susan Dell Foundation were anchor funders. 
INDIGO-POJ-0036,INDIGO-ORG-0186,,,,,,,,,,,,,,
INDIGO-POJ-0036,INDIGO-ORG-0187,,,,,,,,,,,,,,
INDIGO-POJ-0036,INDIGO-ORG-0188,,,,,,,,,,,,,,
INDIGO-POJ-0036,INDIGO-ORG-1463,,,,,,,,,,,,,,
INDIGO-POJ-0037,INDIGO-ORG-0602,,USD,3500000,3500000,,,,,,,,,,
INDIGO-POJ-0037,INDIGO-ORG-0073,,USD,4500000,4500000,,,,,,,,,,
INDIGO-POJ-0038,INDIGO-ORG-0221,,,,,,,,,,,,,,
INDIGO-POJ-0038,INDIGO-ORG-0222,,,,,,,,,,,,,,
INDIGO-POJ-0039,INDIGO-ORG-0971,,,,,,,,,,,,,,
INDIGO-POJ-0039,INDIGO-ORG-0972,,,,,,,,,,,,,,
INDIGO-POJ-0040,INDIGO-ORG-0777,,,¥9.76 million,,,,,,£,,,,,
INDIGO-POJ-0041,INDIGO-ORG-0343,,,,,,,,,,,,,,
INDIGO-POJ-0041,INDIGO-ORG-0344,,,,,,,,,,,,,,
INDIGO-POJ-0041,INDIGO-ORG-0345,,,,,,,,,,,,,,
INDIGO-POJ-0041,INDIGO-ORG-0346,,,,,,,,,,,,,,
INDIGO-POJ-0041,INDIGO-ORG-0347,,,,,,,,,,,,,,
INDIGO-POJ-0041,INDIGO-ORG-0348,,,,,,,,,,,,,,
INDIGO-POJ-0041,INDIGO-ORG-0349,,,,,,,,,,,,,,
INDIGO-POJ-0042,INDIGO-ORG-0803,,,¥34.06 million,,,,,,,,,,,
INDIGO-POJ-0043,INDIGO-ORG-0983,,,1608444,,,,,,$,,,,,
INDIGO-POJ-0043,INDIGO-ORG-0073,,,1004454,,,,,,$,,,,,
INDIGO-POJ-0043,INDIGO-ORG-0985,,,1667720,,,,,,$,,,,,
INDIGO-POJ-0044,INDIGO-ORG-0543,,,,,,,,,,,,,,
INDIGO-POJ-0045,INDIGO-ORG-0176,,,€,,,,,,,,,,,
INDIGO-POJ-0046,INDIGO-ORG-0869,,,,,,,,,,,,,,
INDIGO-POJ-0047,INDIGO-ORG-0447,,,,,,,,,,,,,,
INDIGO-POJ-0048,INDIGO-ORG-0869,,,,,,,,,,,,,,
INDIGO-POJ-0049,INDIGO-ORG-0541,,,,,,,,,,,,,,
INDIGO-POJ-0050,INDIGO-ORG-0725,,,,,,,,,,,,,,
INDIGO-POJ-0051,INDIGO-ORG-1014,,EUR,1300000,,,,,,,,,,,
INDIGO-POJ-0052,INDIGO-ORG-0685,,,,,,,,,,,,,,
INDIGO-POJ-0053,INDIGO-ORG-0894,,,,,,,,,,,,,,
INDIGO-POJ-0054,INDIGO-ORG-0176,,,,,,,,,,,,,,
INDIGO-POJ-0055,INDIGO-ORG-0580,,,,,,,,,,,,,,
INDIGO-POJ-0056,INDIGO-ORG-0151,,,,,,,,,,,,,,
INDIGO-POJ-0057,INDIGO-ORG-0248,,,,,,,,,,,,,,
INDIGO-POJ-0057,INDIGO-ORG-0249,,,10000000,,,,,,,,,,,
INDIGO-POJ-0057,INDIGO-ORG-0250,,,,,,,,,,,,,,
INDIGO-POJ-0057,INDIGO-ORG-0251,,,,,,,,,,,,,,
INDIGO-POJ-0057,INDIGO-ORG-0985,,,,,,,,,,,,,,
INDIGO-POJ-0058,INDIGO-ORG-0394,,,3500000,,,,,,,,,,,
INDIGO-POJ-0058,INDIGO-ORG-0395,,,1500000,,,,,,,,,,,
INDIGO-POJ-0059,INDIGO-ORG-0720,,,=M33,,,,,,=U33,,,,,
INDIGO-POJ-0060,INDIGO-ORG-0157,Government/Public Sector/Public Bank,,,,,,,,,,,,,
INDIGO-POJ-0061,INDIGO-ORG-0157,Government/Public Sector/Public Bank,,,,,,,EUR,646368.52,723932.7424000001,,,,This is the amount reimbursed to the investors for delivered outcomes (source6)
INDIGO-POJ-0062,INDIGO-ORG-0157,Government/Public Sector/Public Bank,EUR,15000000,16903362.17409913,,,,,,,,,,
INDIGO-POJ-0063,INDIGO-ORG-1017,,,125000,,,,,,31000,,,,,
INDIGO-POJ-0064,INDIGO-ORG-0157,Government/Public Sector/Public Bank,EUR,,,,,,,,,,,,
INDIGO-POJ-0065,INDIGO-ORG-0157,Government/Public Sector/Public Bank,,,,,,,,,,,,,
INDIGO-POJ-0065,INDIGO-ORG-0898,Government/Public Sector/Public Bank,,,,,,,,,,,,,
INDIGO-POJ-0066,INDIGO-ORG-0157,Government/Public Sector/Public Bank,,,,,,,,,,,,,
INDIGO-POJ-0066,INDIGO-ORG-0158,Government/Public Sector/Public Bank,,,,,,,,,,,,,
INDIGO-POJ-0067,INDIGO-ORG-0157,Government/Public Sector/Public Bank,,,,,,,,,,,,,
INDIGO-POJ-0067,INDIGO-ORG-0158,Government/Public Sector/Public Bank,,,,,,,,,,,,,
INDIGO-POJ-0068,INDIGO-ORG-0157,Government/Public Sector/Public Bank,,,,,,,,,,,,,
INDIGO-POJ-0068,INDIGO-ORG-0158,Government/Public Sector/Public Bank,,,,,,,,,,,,,
INDIGO-POJ-0069,INDIGO-ORG-0157,Government/Public Sector/Public Bank,,,,,,,,,,,,,
INDIGO-POJ-0069,INDIGO-ORG-0158,Government/Public Sector/Public Bank,,,,,,,,,,,,,
INDIGO-POJ-0070,INDIGO-ORG-0157,Government/Public Sector/Public Bank,,,,,,,,,,,,,
INDIGO-POJ-0070,INDIGO-ORG-0158,Government/Public Sector/Public Bank,,,,,,,,,,,,,
INDIGO-POJ-0071,INDIGO-ORG-0157,Government/Public Sector/Public Bank,,,,,,,,,,,,,
INDIGO-POJ-0071,INDIGO-ORG-0158,Government/Public Sector/Public Bank,,,,,,,,,,,,,
INDIGO-POJ-0072,INDIGO-ORG-0157,Government/Public Sector/Public Bank,,,,,,,,,,,,,
INDIGO-POJ-0072,INDIGO-ORG-0158,Government/Public Sector/Public Bank,,,,,,,,,,,,,
INDIGO-POJ-0073,INDIGO-ORG-0064,,,10200000,,,,,,,,,,,
INDIGO-POJ-0073,INDIGO-ORG-0065,,,10200000,,,,,,,,,,,
INDIGO-POJ-0074,INDIGO-ORG-0906,,,131300000,,,,,,,,,,,
INDIGO-POJ-0074,INDIGO-ORG-0907,,,100000000,,,,,,,,,,,
INDIGO-POJ-0074,INDIGO-ORG-0908,,,55100000,,,,,,,,,,,
INDIGO-POJ-0074,INDIGO-ORG-0909,,,12500000,,,,,,,,,,,
INDIGO-POJ-0074,INDIGO-ORG-0910,,,50000000,,,,,,,,,,,
INDIGO-POJ-0075,INDIGO-ORG-1177,Government/Public Sector/Public Bank,South Korean Won,1770000000,,,,,,,,,,,
INDIGO-POJ-0076,INDIGO-ORG-0404,,,1391000000,,,,,,,,,,,
INDIGO-POJ-0077,INDIGO-ORG-0757,,,12000000,,,,,,,,,,,
INDIGO-POJ-0078,INDIGO-ORG-0082,,,CHF 290.000,,,,,,,,,,,
INDIGO-POJ-0079,INDIGO-ORG-0526,,,"68,000,000 rubles",,,,,,,,,,,
INDIGO-POJ-0080,INDIGO-ORG-0077,,AED,2000000,,,,,,,,,,,
INDIGO-POJ-0081,INDIGO-ORG-0014,,,26500000,,,,,,,,,,,
INDIGO-POJ-0082,INDIGO-ORG-0234,,,"$1,350,000",,,,,,,,,,,
INDIGO-POJ-0082,INDIGO-ORG-0235,,,,,,,,,,,,,,
INDIGO-POJ-0083,INDIGO-ORG-0531,,,$11.712M,,,,,,,,,,,
INDIGO-POJ-0084,INDIGO-ORG-0944,,,"$10,448,853",,,,,,,,,,,
INDIGO-POJ-0084,INDIGO-ORG-0418,,,"$11,095,000",,,,,,,,,,,
INDIGO-POJ-0085,INDIGO-ORG-0298,,,15000000,,,,,,$,,,,,
INDIGO-POJ-0085,INDIGO-ORG-0418,,,12000000,,,,,,$,,,,,
INDIGO-POJ-0086,INDIGO-ORG-0619,,,30000000,,,,,,,,,,,
INDIGO-POJ-0086,INDIGO-ORG-0620,,,4500000,,,,,,,,,,,
INDIGO-POJ-0087,INDIGO-ORG-0958,,,"$5,000,000",,,,,,$,,,,,
INDIGO-POJ-0088,INDIGO-ORG-0667,,,"$6,000,000",,,,,,$,,,,,
INDIGO-POJ-0089,INDIGO-ORG-0475,,,"$8,000,000",,,,,,$,,,,,
INDIGO-POJ-0089,INDIGO-ORG-0476,,,"$4,000,000",,,,,,$,,,,,
INDIGO-POJ-0090,INDIGO-ORG-0859,,,"$7,500,000",,,,,,$,,,,,
INDIGO-POJ-0091,INDIGO-ORG-0561,,,"$5,290,000 (housing stability); $6,130,000 (jail day reduction)",,,,,,"$1,020,000 (interim results)",,,,,
INDIGO-POJ-0092,INDIGO-ORG-0519,,,$,,,,,,$,,,,,
INDIGO-POJ-0093,INDIGO-ORG-0106,,,"$14,800,000",,,,,,$,,,,,
INDIGO-POJ-0094,INDIGO-ORG-0332,,,,,,,,,,,,,,
INDIGO-POJ-0095,INDIGO-ORG-0096,,,"$5,950,000",,,,,,$,,,,,
INDIGO-POJ-0096,INDIGO-ORG-0096,,,"$5,550,000",,,,,,$,,,,,
INDIGO-POJ-0097,INDIGO-ORG-0875,,,15000000,,,,,,$,,,,,
INDIGO-POJ-0098,INDIGO-ORG-0037,,,21300000,,,,,,$,,,,,
INDIGO-POJ-0099,INDIGO-ORG-1034,,,12450000,,,,,,$,,,,,
INDIGO-POJ-0099,INDIGO-ORG-1035,,,650000,,,,,,$,,,,,
INDIGO-POJ-0099,INDIGO-ORG-0628,,,1800000,,,,,,$,,,,,
INDIGO-POJ-0100,INDIGO-ORG-0928,,,14100000,,,,,,$,,,,,
INDIGO-POJ-0101,INDIGO-ORG-0627,,,$,,,,,,$,,,,,
INDIGO-POJ-0101,INDIGO-ORG-0628,,,$,,,,,,$,,,,,
INDIGO-POJ-0102,INDIGO-ORG-0609,,,120000,,,,,,,,,,,
INDIGO-POJ-0102,INDIGO-ORG-0610,,,1250000,,,,,,$,,,,,
INDIGO-POJ-0103,INDIGO-ORG-0890,,,500000,,,,,,$,,,,,
INDIGO-POJ-0104,INDIGO-ORG-0298,,,$,,,,,,$,,,,,
INDIGO-POJ-0104,INDIGO-ORG-0299,,,$,,,,,,$,,,,,
INDIGO-POJ-0104,INDIGO-ORG-0300,,,$,,,,,,$,,,,,
INDIGO-POJ-0104,INDIGO-ORG-0301,,,$,,,,,,$,,,,,
INDIGO-POJ-0105,INDIGO-ORG-0165,,,816000,,,,,,$,,,,,
INDIGO-POJ-0106,INDIGO-ORG-0165,,,1336600,,,,,,$,,,,,
INDIGO-POJ-0107,INDIGO-ORG-0165,,,931200,,,,,,$,,,,,
INDIGO-POJ-0108,INDIGO-ORG-0262,,,142000,,,,,,$,,,,,
INDIGO-POJ-0109,INDIGO-ORG-0085,,,,,,,,,,,,,,
INDIGO-POJ-0109,INDIGO-ORG-0086,,,,,,,,,,,,,,
INDIGO-POJ-0109,INDIGO-ORG-0087,,,,,,,,,,,,,,
INDIGO-POJ-0109,INDIGO-ORG-0088,,,1262980,,,,,,,,,,,
INDIGO-POJ-0110,INDIGO-ORG-0747,,,,,,,,,,,,,,
INDIGO-POJ-0110,INDIGO-ORG-0748,,,,,,,,,,,,,,
INDIGO-POJ-0110,INDIGO-ORG-0749,,,,,,,,,,,,,,
INDIGO-POJ-0110,INDIGO-ORG-0750,,,,,,,,,,,,,,
INDIGO-POJ-0110,INDIGO-ORG-0751,,,,,,,,,,,,,,
INDIGO-POJ-0110,INDIGO-ORG-0752,,,,,,,,,,,,,,
INDIGO-POJ-0110,INDIGO-ORG-0753,,,,,,,,,,,,,,
INDIGO-POJ-0110,INDIGO-ORG-0754,,,,,,,,,,,,,,
INDIGO-POJ-0110,INDIGO-ORG-0755,,,,,,,,,,,,,,
INDIGO-POJ-0110,INDIGO-ORG-0088,,,1300000,,,,,,,,,,,
INDIGO-POJ-0111,INDIGO-ORG-0691,,,,,,,,,,,,,,
INDIGO-POJ-0111,INDIGO-ORG-0306,,,,,,,,,,,,,,
INDIGO-POJ-0111,INDIGO-ORG-0115,,,,,,,,,,,,,,
INDIGO-POJ-0112,INDIGO-ORG-0536,,,,,,,,,,,,,,
INDIGO-POJ-0112,INDIGO-ORG-0306,,,256000,,,,,,,,,,,
INDIGO-POJ-0112,INDIGO-ORG-1560,,,,,,,,,,,,,,
INDIGO-POJ-0112,INDIGO-ORG-1561,,,,,,,,,,,,,,
INDIGO-POJ-0113,INDIGO-ORG-0144,,,,,,,,,,,,,,
INDIGO-POJ-0113,INDIGO-ORG-0146,,,,,,,,,,,,,,
INDIGO-POJ-0113,INDIGO-ORG-0306,,GBP,1652917,,,,,,,,,,,
INDIGO-POJ-0114,INDIGO-ORG-0053,,,,,,,,,,,,,,
INDIGO-POJ-0114,INDIGO-ORG-0054,,,,,,,,,,,,,,
INDIGO-POJ-0114,INDIGO-ORG-0113,,,,,,,,,,,,,,
INDIGO-POJ-0114,INDIGO-ORG-0056,,,,,,,,,,,,,,
INDIGO-POJ-0114,INDIGO-ORG-0057,,,,,,,,,,,,,,
INDIGO-POJ-0114,INDIGO-ORG-0306,,,780000,,,,,,,,,,,
INDIGO-POJ-0114,INDIGO-ORG-1112,,,,,,,,,,,,,,
INDIGO-POJ-0114,INDIGO-ORG-1111,,,,,,,,,,,,,,
INDIGO-POJ-0114,INDIGO-ORG-1108,,,,,,,,,,,,,,
INDIGO-POJ-0116,INDIGO-ORG-0306,,GBP,657068,,,,,,,,,,,
INDIGO-POJ-0116,INDIGO-ORG-0677,,GBP,117000,,,,,,,,,,,
INDIGO-POJ-0117,INDIGO-ORG-0426,,,,,,,,,,,,,,
INDIGO-POJ-0117,INDIGO-ORG-0427,,,,,,,,,,,,,,
INDIGO-POJ-0117,INDIGO-ORG-0428,,,,,,,,,,,,,,
INDIGO-POJ-0117,INDIGO-ORG-0429,,,,,,,,,,,,,,
INDIGO-POJ-0117,INDIGO-ORG-0430,,,,,,,,,,,,,,
INDIGO-POJ-0117,INDIGO-ORG-0306,,GBP,1500000,,,,,,,,,,,
INDIGO-POJ-0117,INDIGO-ORG-0810,,,,,,,,,,,,,,
INDIGO-POJ-0117,INDIGO-ORG-1070,,,,,,,,,,,,,,
INDIGO-POJ-0117,INDIGO-ORG-1594,,,,,,,,,,,,,,
INDIGO-POJ-0117,INDIGO-ORG-1595,,,,,,,,,,,,,,
INDIGO-POJ-0117,INDIGO-ORG-1596,,,,,,,,,,,,,,
INDIGO-POJ-0118,INDIGO-ORG-0115,,,,,,,,,,,,,,
INDIGO-POJ-0118,INDIGO-ORG-0306,,,,,,,,,,,,,,
INDIGO-POJ-0118,INDIGO-ORG-0808,,,,,,,,,,,,,,
INDIGO-POJ-0119,INDIGO-ORG-0318,,,1020000,,,,,,,,,,,
INDIGO-POJ-0119,INDIGO-ORG-0319,,,,,,,,,,,,,,
INDIGO-POJ-0119,INDIGO-ORG-0320,,,,,,,,,,,,,,
INDIGO-POJ-0119,INDIGO-ORG-0321,,,,,,,,,,,,,,
INDIGO-POJ-0119,INDIGO-ORG-0306,,,303000,,,,,,,,,,,
INDIGO-POJ-0119,INDIGO-ORG-0115,,,697000,,,,,,,,,,,
INDIGO-POJ-0120,INDIGO-ORG-0495,,,5200000,,,,,,,,,,,
INDIGO-POJ-0120,INDIGO-ORG-0306,,,2000000,,,,,,,,,,,
INDIGO-POJ-0120,INDIGO-ORG-0115,,,1000000,,,,,,,,,,,
INDIGO-POJ-0121,INDIGO-ORG-0123,,,2250000,,,,,,,,,,,
INDIGO-POJ-0121,INDIGO-ORG-0130,,,,,,,,,,,,,,
INDIGO-POJ-0121,INDIGO-ORG-0211,,,,,,,,,,,,,,
INDIGO-POJ-0121,INDIGO-ORG-0212,,,,,,,,,,,,,,
INDIGO-POJ-0121,INDIGO-ORG-0213,,,,,,,,,,,,,,
INDIGO-POJ-0122,INDIGO-ORG-0123,,,,,,,,,,,,,,
INDIGO-POJ-0122,INDIGO-ORG-0124,,,,,,,,,,,,,,
INDIGO-POJ-0122,INDIGO-ORG-0125,,,,,,,,,,,,,,
INDIGO-POJ-0122,INDIGO-ORG-0126,,,,,,,,,,,,,,
INDIGO-POJ-0123,INDIGO-ORG-0123,,,1083550,,,,,,,,,,,
INDIGO-POJ-0123,INDIGO-ORG-0006,,,,,,,,,,,,,,
INDIGO-POJ-0124,INDIGO-ORG-0409,,GBP,,,,,,,,,,,,
INDIGO-POJ-0124,INDIGO-ORG-0306,,GBP,,,,,,,,,,,,
INDIGO-POJ-0126,INDIGO-ORG-0306,,GBP,1087554,,,,,,,,,,,
INDIGO-POJ-0126,INDIGO-ORG-1562,,,,,,,,,,,,,,
INDIGO-POJ-0127,INDIGO-ORG-0306,,GBP,491747,,,,,,,,,,,
INDIGO-POJ-0127,INDIGO-ORG-1089,,,,,,,,,,,,,,
INDIGO-POJ-0128,INDIGO-ORG-0306,,GBP,422493,,,,,,,,,,,
INDIGO-POJ-0128,INDIGO-ORG-0552,,,,,,,,,,,,,,
INDIGO-POJ-0129,INDIGO-ORG-0057,,,,,,,,,,,,,,
INDIGO-POJ-0129,INDIGO-ORG-0306,,GBP,420000,,,,,,,,,,,
INDIGO-POJ-0130,INDIGO-ORG-0265,,GBP,7100000,,,,,,,,,,,
INDIGO-POJ-0131,INDIGO-ORG-0088,,,,,,,,,,,,,,
INDIGO-POJ-0131,INDIGO-ORG-0171,,,,,,,,,,,,,,
INDIGO-POJ-0132,INDIGO-ORG-0088,,,,,,,,,,,,,,
INDIGO-POJ-0132,INDIGO-ORG-0171,,,,,,,,,,,,,,
INDIGO-POJ-0133,INDIGO-ORG-0088,,,,,,,,,,,,,,
INDIGO-POJ-0133,INDIGO-ORG-0171,,,,,,,,,,,,,,
INDIGO-POJ-0134,INDIGO-ORG-0088,,,,,,,,,,,,,,
INDIGO-POJ-0134,INDIGO-ORG-0171,,,,,,,,,,,,,,
INDIGO-POJ-0135,INDIGO-ORG-0088,,,,,,,,,,,,,,
INDIGO-POJ-0135,INDIGO-ORG-0171,,,,,,,,,,,,,,
INDIGO-POJ-0136,INDIGO-ORG-0088,,,,,,,,,,,,,,
INDIGO-POJ-0136,INDIGO-ORG-0171,,,,,,,,,,,,,,
INDIGO-POJ-0137,INDIGO-ORG-0088,,,,,,,,,,,,,,
INDIGO-POJ-0137,INDIGO-ORG-0171,,,,,,,,,,,,,,
INDIGO-POJ-0138,INDIGO-ORG-0047,,,3400000,,,,,,,,,,,
INDIGO-POJ-0139,INDIGO-ORG-0047,,,1900000,,,,,,,,,,,
INDIGO-POJ-0140,INDIGO-ORG-0047,,,3700000,,,,,,,,,,,
INDIGO-POJ-0141,INDIGO-ORG-0047,Government/Public Sector/Public Bank,GBP,1300000,,,,,,,,,,,
INDIGO-POJ-0142,INDIGO-ORG-0047,,,1200000,,,,,,,,,,,
INDIGO-POJ-0143,INDIGO-ORG-0047,Government/Public Sector/Public Bank,,,,,,,GBP,4504011,,,,,
INDIGO-POJ-0144,INDIGO-ORG-0047,,,2900000,,,,,,2500000,,,,,
INDIGO-POJ-0145,INDIGO-ORG-0047,,,3000000,,,,,,,,,,,
INDIGO-POJ-0146,INDIGO-ORG-0047,,GBP,3300000,,,,,,,,,,,
INDIGO-POJ-0147,INDIGO-ORG-0047,,,3200000,,,,,,,,,,,
INDIGO-POJ-0148,INDIGO-ORG-0088,,,,,,,,,,,,,,
INDIGO-POJ-0148,INDIGO-ORG-0432,,,,,,,,,,,,,,
INDIGO-POJ-0149,INDIGO-ORG-0088,,,,,,,,,,,,,,
INDIGO-POJ-0149,INDIGO-ORG-0432,,,,,,,,,,,,,,
INDIGO-POJ-0150,INDIGO-ORG-0114,,,,,,,,,,,,,,
INDIGO-POJ-0150,INDIGO-ORG-0115,,,,,,,,,,,,,,
INDIGO-POJ-0151,INDIGO-ORG-0714,,,,,,,,,,,,,,
INDIGO-POJ-0151,INDIGO-ORG-0306,,GBP,113684,,,,,,,,,,,
INDIGO-POJ-0151,INDIGO-ORG-1088,Government/Public Sector/Public Bank,,,,,,,,,,,,,Northamptonshire County Council took the commissioning of the project over from about Summer 2018.
INDIGO-POJ-0152,INDIGO-ORG-0088,,,2000000,,,,,,,,,,,
INDIGO-POJ-0152,INDIGO-ORG-0432,,,1000000,,,,,,,,,,,
INDIGO-POJ-0153,INDIGO-ORG-0005,,,,,,,,,,,,,,
INDIGO-POJ-0153,INDIGO-ORG-0306,,,,,,,,,,,,,,
INDIGO-POJ-0154,INDIGO-ORG-0256,,,,,,,,,,,,,,
INDIGO-POJ-0154,INDIGO-ORG-0088,,GBP,2629000,,,,,,,,,,,
INDIGO-POJ-0155,INDIGO-ORG-0925,,,,,,,,,,,,,,
INDIGO-POJ-0155,INDIGO-ORG-0926,,,,,,,,,,,,,,
INDIGO-POJ-0155,INDIGO-ORG-0088,,,1500000,,,,,,,,,,,
INDIGO-POJ-0156,INDIGO-ORG-0787,,GBP,54000,,,,,,,,,,,
INDIGO-POJ-0156,INDIGO-ORG-0115,,GBP,1000000,,,,,,,,,,,
INDIGO-POJ-0157,INDIGO-ORG-0693,,,,,,,,,,,,,,
INDIGO-POJ-0157,INDIGO-ORG-0088,,,,,,,,,,,,,,
INDIGO-POJ-0158,INDIGO-ORG-0770,,,,,,,,,,,,,,
INDIGO-POJ-0158,INDIGO-ORG-0771,,,,,,,,,,,,,,
INDIGO-POJ-0158,INDIGO-ORG-0772,,,,,,,,,,,,,,
INDIGO-POJ-0158,INDIGO-ORG-0773,,,,,,,,,,,,,,
INDIGO-POJ-0158,INDIGO-ORG-0774,,,,,,,,,,,,,,
INDIGO-POJ-0158,INDIGO-ORG-0088,,,,,,,,,,,,,,
INDIGO-POJ-0159,INDIGO-ORG-0130,,,1125000,,,,,,,,,,,
INDIGO-POJ-0159,INDIGO-ORG-0088,,,,,,,,,,,,,,
INDIGO-POJ-0160,INDIGO-ORG-0306,,GBP,197236,,,,,,,,,,,
INDIGO-POJ-0160,INDIGO-ORG-0144,,,,,,,,,,,,,,
INDIGO-POJ-0161,INDIGO-ORG-0211,,GBP,3300000,,,,,,,,,,,
INDIGO-POJ-0161,INDIGO-ORG-0306,,GBP,348692,,,,,,,,,,,
INDIGO-POJ-0162,INDIGO-ORG-0306,,,,,,,,,,,,,,
INDIGO-POJ-0162,INDIGO-ORG-0847,,,,,,,,,,,,,,
INDIGO-POJ-0163,INDIGO-ORG-0115,,,,,,,,,,,,,,
INDIGO-POJ-0163,INDIGO-ORG-0047,,,,,,,,,,,,,,
INDIGO-POJ-0163,INDIGO-ORG-0005,,,,,,,,,,,,,,
INDIGO-POJ-0163,INDIGO-ORG-0006,,,,,,,,,,,,,,
INDIGO-POJ-0164,INDIGO-ORG-0115,,,,,,,,,,,,,,
INDIGO-POJ-0164,INDIGO-ORG-0047,,,,,,,,,,,,,,
INDIGO-POJ-0164,INDIGO-ORG-0005,,,,,,,,,,,,,,
INDIGO-POJ-0164,INDIGO-ORG-1115,,,,,,,,,,,,,,
INDIGO-POJ-0164,INDIGO-ORG-0137,,,,,,,,,,,,,,
INDIGO-POJ-0165,INDIGO-ORG-0115,,,,,,,,,,,,,,
INDIGO-POJ-0165,INDIGO-ORG-0047,,,,,,,,,,,,,,
INDIGO-POJ-0165,INDIGO-ORG-0005,,,,,,,,,,,,,,
INDIGO-POJ-0166,INDIGO-ORG-0115,,,,,,,,,,,,,,
INDIGO-POJ-0166,INDIGO-ORG-0047,,,,,,,,,,,,,,
INDIGO-POJ-0166,INDIGO-ORG-0005,,,,,,,,,,,,,,
INDIGO-POJ-0166,INDIGO-ORG-0116,,,,,,,,,,,,,,
INDIGO-POJ-0166,INDIGO-ORG-0117,,,,,,,,,,,,,,
INDIGO-POJ-0166,INDIGO-ORG-0118,,,,,,,,,,,,,,
INDIGO-POJ-0166,INDIGO-ORG-0119,,,,,,,,,,,,,,
INDIGO-POJ-0166,INDIGO-ORG-0120,,,,,,,,,,,,,,
INDIGO-POJ-0167,INDIGO-ORG-0171,Government/Public Sector/Public Bank,GBP,779216,,,,,,,,,,,
INDIGO-POJ-0167,INDIGO-ORG-1061,Government/Public Sector/Public Bank,GBP,1447120,,,,,,,,,,,
INDIGO-POJ-0168,INDIGO-ORG-0171,Government/Public Sector/Public Bank,GBP,1795810,,,,,,,,,,,
INDIGO-POJ-0168,INDIGO-ORG-1062,Government/Public Sector/Public Bank,GBP,4398982,,,,,,,,,,,
INDIGO-POJ-0169,INDIGO-ORG-0171,Government/Public Sector/Public Bank,GBP,837088,,,,,,,,,,,Outcome payment was updated due to further allocations in November 2020.
INDIGO-POJ-0169,INDIGO-ORG-1065,Foundation/Philanthropist,GBP,1224532,,,,,,,,,,,Outcome payment was updated due to further allocations in November 2020.
INDIGO-POJ-0170,INDIGO-ORG-0171,Government/Public Sector/Public Bank,GBP,270000,,,,,,,,,,,
INDIGO-POJ-0170,INDIGO-ORG-1070,Government/Public Sector/Public Bank,GBP,540000,,,,,,,,,,,
INDIGO-POJ-0171,INDIGO-ORG-0171,Government/Public Sector/Public Bank,GBP,221219,,,,,,,,,,,
INDIGO-POJ-0171,INDIGO-ORG-1071,Government/Public Sector/Public Bank,GBP,807707,,,,,,,,,,,
INDIGO-POJ-0172,INDIGO-ORG-0596,Government/Public Sector/Public Bank,GBP,2137785,,,,,,,,,,,
INDIGO-POJ-0172,INDIGO-ORG-1073,Government/Public Sector/Public Bank,GBP,,,,,,,,,,,,
INDIGO-POJ-0172,INDIGO-ORG-0171,Government/Public Sector/Public Bank,GBP,1151115,,,,,,,,,,,
INDIGO-POJ-0173,INDIGO-ORG-0171,Government/Public Sector/Public Bank,GBP,2132400,,,,,,,,,,,
INDIGO-POJ-0173,INDIGO-ORG-0808,Government/Public Sector/Public Bank,GBP,3198600,,,,,,,,,,,
INDIGO-POJ-0174,INDIGO-ORG-0171,Government/Public Sector/Public Bank,GBP,252900,,,,,,,,,,,
INDIGO-POJ-0174,INDIGO-ORG-1114,Government/Public Sector/Public Bank,GBP,590100,,,,,,,,,,,
INDIGO-POJ-0175,INDIGO-ORG-0171,Government/Public Sector/Public Bank,GBP,6600000,,,,,,,,,,,
INDIGO-POJ-0175,INDIGO-ORG-1083,Government/Public Sector/Public Bank,GBP,15697917,,,,,,,,,,,
INDIGO-POJ-0176,INDIGO-ORG-0171,Government/Public Sector/Public Bank,GBP,596918,,,,,,,,,,,
INDIGO-POJ-0176,INDIGO-ORG-0408,Government/Public Sector/Public Bank,GBP,824230,,,,,,,,,,,
INDIGO-POJ-0176,INDIGO-ORG-0810,Government/Public Sector/Public Bank,GBP,,,,,,,,,,,,
INDIGO-POJ-0177,INDIGO-ORG-0171,Government/Public Sector/Public Bank,GBP,1997446,,,,,,,,,,,
INDIGO-POJ-0177,INDIGO-ORG-1087,Government/Public Sector/Public Bank,GBP,1004141,,,,,,,,,,,
INDIGO-POJ-0177,INDIGO-ORG-1088,Government/Public Sector/Public Bank,GBP,55000,,,,,,,,,,,
INDIGO-POJ-0177,INDIGO-ORG-0318,Government/Public Sector/Public Bank,GBP,794263,,,,,,,,,,,
INDIGO-POJ-0177,INDIGO-ORG-1093,Government/Public Sector/Public Bank,GBP,704338,,,,,,,,,,,
INDIGO-POJ-0178,INDIGO-ORG-0171,Government/Public Sector/Public Bank,GBP,1617248,,,,,,,,,,,
INDIGO-POJ-0178,INDIGO-ORG-1089,Government/Public Sector/Public Bank,GBP,7958997,,,,,,,,,,,
INDIGO-POJ-0179,INDIGO-ORG-0171,Government/Public Sector/Public Bank,GBP,374000,,,,,,,,,,,
INDIGO-POJ-0179,INDIGO-ORG-0428,Government/Public Sector/Public Bank,GBP,1326822,,,,,,,,,,,
INDIGO-POJ-0180,INDIGO-ORG-0171,Government/Public Sector/Public Bank,GBP,536810,,,,,,,,,,,
INDIGO-POJ-0180,INDIGO-ORG-1093,Government/Public Sector/Public Bank,GBP,790200,,,,,,,,,,,
INDIGO-POJ-0181,INDIGO-ORG-0171,Government/Public Sector/Public Bank,GBP,686187,,,,,,,,,,,
INDIGO-POJ-0181,INDIGO-ORG-0006,Government/Public Sector/Public Bank,GBP,2058563,,,,,,,,,,,
INDIGO-POJ-0182,INDIGO-ORG-0171,Government/Public Sector/Public Bank,GBP,4201000,,,,,,,,,,,
INDIGO-POJ-0182,INDIGO-ORG-0693,Government/Public Sector/Public Bank,GBP,3770000,,,,,,,,,,,
INDIGO-POJ-0182,INDIGO-ORG-1098,Government/Public Sector/Public Bank,GBP,1068000,,,,,,,,,,,
INDIGO-POJ-0182,INDIGO-ORG-1099,Government/Public Sector/Public Bank,GBP,1220000,,,,,,,,,,,
INDIGO-POJ-0182,INDIGO-ORG-1100,Government/Public Sector/Public Bank,GBP,1097000,,,,,,,,,,,
INDIGO-POJ-0182,INDIGO-ORG-1101,Government/Public Sector/Public Bank,GBP,790000,,,,,,,,,,,
INDIGO-POJ-0182,INDIGO-ORG-1115,Government/Public Sector/Public Bank,GBP,1290000,,,,,,,,,,,
INDIGO-POJ-0182,INDIGO-ORG-1089,Government/Public Sector/Public Bank,GBP,1179000,,,,,,,,,,,
INDIGO-POJ-0183,INDIGO-ORG-0171,Government/Public Sector/Public Bank,GBP,771689,,,,,,,,,,,
INDIGO-POJ-0183,INDIGO-ORG-1102,Government/Public Sector/Public Bank,GBP,4770177,,,,,,,,,,,
INDIGO-POJ-0184,INDIGO-ORG-0171,Government/Public Sector/Public Bank,GBP,4248082,,,,,,,,,,,
INDIGO-POJ-0184,INDIGO-ORG-0693,Government/Public Sector/Public Bank,GBP,612000,,,,,,,,,,,
INDIGO-POJ-0184,INDIGO-ORG-1103,Government/Public Sector/Public Bank,GBP,720000,,,,,,,,,,,
INDIGO-POJ-0184,INDIGO-ORG-0847,Government/Public Sector/Public Bank,GBP,720000,,,,,,,,,,,
INDIGO-POJ-0184,INDIGO-ORG-0848,Government/Public Sector/Public Bank,GBP,998922,,,,,,,,,,,
INDIGO-POJ-0184,INDIGO-ORG-0718,Foundation/Philanthropist,GBP,7146688,,,,,,,,,,,
INDIGO-POJ-0188,INDIGO-ORG-0171,Government/Public Sector/Public Bank,GBP,260689,,,,,,,,,,,
INDIGO-POJ-0188,INDIGO-ORG-1100,Government/Public Sector/Public Bank,GBP,360000,,,,,,,,,,,
INDIGO-POJ-0189,INDIGO-ORG-0171,Government/Public Sector/Public Bank,GBP,434484,,,,,,,,,,,
INDIGO-POJ-0189,INDIGO-ORG-1148,Government/Public Sector/Public Bank,GBP,600000,,,,,,,,,,,
INDIGO-POJ-0190,INDIGO-ORG-0171,Government/Public Sector/Public Bank,GBP,1075000,,,,,,,,,,,
INDIGO-POJ-0190,INDIGO-ORG-0408,Government/Public Sector/Public Bank,GBP,90000,,,,,,,,,,,
INDIGO-POJ-0190,INDIGO-ORG-1105,Government/Public Sector/Public Bank,GBP,76950,,,,,,,,,,,
INDIGO-POJ-0190,INDIGO-ORG-1106,Government/Public Sector/Public Bank,GBP,78500,,,,,,,,,,,
INDIGO-POJ-0190,INDIGO-ORG-1107,Government/Public Sector/Public Bank,GBP,76950,,,,,,,,,,,
INDIGO-POJ-0190,INDIGO-ORG-1112,Government/Public Sector/Public Bank,GBP,73500,,,,,,,,,,,
INDIGO-POJ-0190,INDIGO-ORG-0057,Government/Public Sector/Public Bank,GBP,73500,,,,,,,,,,,
INDIGO-POJ-0190,INDIGO-ORG-1108,Government/Public Sector/Public Bank,GBP,73500,,,,,,,,,,,
INDIGO-POJ-0190,INDIGO-ORG-0693,Government/Public Sector/Public Bank,GBP,76950,,,,,,,,,,,
INDIGO-POJ-0190,INDIGO-ORG-1070,Government/Public Sector/Public Bank,GBP,76950,,,,,,,,,,,
INDIGO-POJ-0190,INDIGO-ORG-1099,Government/Public Sector/Public Bank,GBP,1151950,,,,,,,,,,,
INDIGO-POJ-0190,INDIGO-ORG-1109,Government/Public Sector/Public Bank,GBP,78500,,,,,,,,,,,
INDIGO-POJ-0190,INDIGO-ORG-1110,Government/Public Sector/Public Bank,GBP,76950,,,,,,,,,,,
INDIGO-POJ-0190,INDIGO-ORG-0847,Government/Public Sector/Public Bank,GBP,76950,,,,,,,,,,,
INDIGO-POJ-0190,INDIGO-ORG-0054,Government/Public Sector/Public Bank,GBP,73500,,,,,,,,,,,
INDIGO-POJ-0190,INDIGO-ORG-1113,Government/Public Sector/Public Bank,GBP,73500,,,,,,,,,,,
INDIGO-POJ-0190,INDIGO-ORG-0056,Government/Public Sector/Public Bank,GBP,73500,,,,,,,,,,,
INDIGO-POJ-0190,INDIGO-ORG-1111,Government/Public Sector/Public Bank,GBP,73500,,,,,,,,,,,
INDIGO-POJ-0191,INDIGO-ORG-1125,Government/Public Sector/Public Bank,EUR,2300000,2714000,,,,,,,,,,
INDIGO-POJ-0192,INDIGO-ORG-0171,Government/Public Sector/Public Bank,GBP,548965,,,,,,,,,,,
INDIGO-POJ-0192,INDIGO-ORG-0427,Government/Public Sector/Public Bank,GBP ,758094,,,,,,,,,,,
INDIGO-POJ-0193,INDIGO-ORG-0171,Government/Public Sector/Public Bank,GBP,868966,,,,,,,,,,,
INDIGO-POJ-0193,INDIGO-ORG-0427,Government/Public Sector/Public Bank,GBP,1199304,,,,,,,,,,,
INDIGO-POJ-0194,INDIGO-ORG-1157,Government/Public Sector/Public Bank,GBP,1572155,,,,,,,,,,,
INDIGO-POJ-0194,INDIGO-ORG-0318,Government/Public Sector/Public Bank,GBP,2620258,,,,,,,,,,,
INDIGO-POJ-0194,INDIGO-ORG-1158,Government/Public Sector/Public Bank,GBP,2620258,,,,,,,,,,,
INDIGO-POJ-0194,INDIGO-ORG-0808,Government/Public Sector/Public Bank,GBP,3144310,,,,,,,,,,,
INDIGO-POJ-0194,INDIGO-ORG-1159,Government/Public Sector/Public Bank,GBP,2096207,,,,,,,,,,,
INDIGO-POJ-0194,INDIGO-ORG-0171,Government/Public Sector/Public Bank,GBP,2388592,,,,,,,,,,,
INDIGO-POJ-0195,INDIGO-ORG-1117,Government/Public Sector/Public Bank,GBP,230400,,,,,,,,,,,
INDIGO-POJ-0195,INDIGO-ORG-0137,Government/Public Sector/Public Bank,GBP,230400,,,,,,,,,,,
INDIGO-POJ-0195,INDIGO-ORG-1118,Government/Public Sector/Public Bank,GBP,230400,,,,,,,,,,,
INDIGO-POJ-0195,INDIGO-ORG-1119,Government/Public Sector/Public Bank,GBP,230400,,,,,,,,,,,
INDIGO-POJ-0195,INDIGO-ORG-0596,Government/Public Sector/Public Bank,GBP,230400,,,,,,,,,,,
INDIGO-POJ-0195,INDIGO-ORG-1120,Government/Public Sector/Public Bank,GBP,230400,,,,,,,,,,,
INDIGO-POJ-0195,INDIGO-ORG-0552,Government/Public Sector/Public Bank,GBP,230400,,,,,,,,,,,
INDIGO-POJ-0195,INDIGO-ORG-0171,Government/Public Sector/Public Bank,GBP,1418976,,,,,,,,,,,
INDIGO-POJ-0195,INDIGO-ORG-1209,Government/Public Sector/Public Bank,GBP,210000,,,,,,,,,,,
INDIGO-POJ-0196,INDIGO-ORG-1123,Government/Public Sector/Public Bank,EUR,2700000,,,,,,,,,,,
INDIGO-POJ-0197,INDIGO-ORG-0985,Government/Public Sector/Public Bank,,,,,,,,,,,,,
INDIGO-POJ-0198,INDIGO-ORG-1098,Government/Public Sector/Public Bank,GBP,90000,,,,,,,,,,,
INDIGO-POJ-0198,INDIGO-ORG-0925,Government/Public Sector/Public Bank,GBP,30000,,,,,,,,,,,
INDIGO-POJ-0198,INDIGO-ORG-1062,Government/Public Sector/Public Bank,GBP,90000,,,,,,,,,,,
INDIGO-POJ-0198,INDIGO-ORG-1146,Government/Public Sector/Public Bank,GBP,90000,,,,,,,,,,,
INDIGO-POJ-0198,INDIGO-ORG-1145,Government/Public Sector/Public Bank,GBP,45000,,,,,,,,,,,
INDIGO-POJ-0198,INDIGO-ORG-1147,Government/Public Sector/Public Bank,GBP,90000,,,,,,,,,,,
INDIGO-POJ-0198,INDIGO-ORG-1115,Government/Public Sector/Public Bank,GBP,90000,,,,,,,,,,,
INDIGO-POJ-0198,INDIGO-ORG-1148,Government/Public Sector/Public Bank,GBP,90000,,,,,,,,,,,
INDIGO-POJ-0198,INDIGO-ORG-0130,Government/Public Sector/Public Bank,GBP,90000,,,,,,,,,,,
INDIGO-POJ-0198,INDIGO-ORG-0144,Government/Public Sector/Public Bank,GBP,90000,,,,,,,,,,,
INDIGO-POJ-0198,INDIGO-ORG-1149,Government/Public Sector/Public Bank,GBP,90000,,,,,,,,,,,
INDIGO-POJ-0198,INDIGO-ORG-0677,Government/Public Sector/Public Bank,GBP,90000,,,,,,,,,,,
INDIGO-POJ-0198,INDIGO-ORG-1150,Government/Public Sector/Public Bank,GBP,1440000,,,,,,,,,,,
INDIGO-POJ-0198,INDIGO-ORG-0171,Government/Public Sector/Public Bank,GBP,1224000,,,,,,,,,,,
INDIGO-POJ-0198,INDIGO-ORG-1495,Government/Public Sector/Public Bank,GBP,15000,,,,,,,,,,,
INDIGO-POJ-0198,INDIGO-ORG-1496,Government/Public Sector/Public Bank,GBP,15000,,,,,,,,,,,
INDIGO-POJ-0198,INDIGO-ORG-1497,Government/Public Sector/Public Bank,GBP,15000,,,,,,,,,,,
INDIGO-POJ-0198,INDIGO-ORG-1498,Government/Public Sector/Public Bank,GBP,15000,,,,,,,,,,,
INDIGO-POJ-0198,INDIGO-ORG-1499,Government/Public Sector/Public Bank,GBP,30000,,,,,,,,,,,
INDIGO-POJ-0198,INDIGO-ORG-1500,Government/Public Sector/Public Bank,GBP,30000,,,,,,,,,,,
INDIGO-POJ-0198,INDIGO-ORG-1501,Government/Public Sector/Public Bank,GBP,30000,,,,,,,,,,,
INDIGO-POJ-0198,INDIGO-ORG-1502,Government/Public Sector/Public Bank,GBP,45000,,,,,,,,,,,
INDIGO-POJ-0198,INDIGO-ORG-1105,Government/Public Sector/Public Bank,GBP,90000,,,,,,,,,,,
INDIGO-POJ-0198,INDIGO-ORG-1503,Government/Public Sector/Public Bank,GBP,90000,,,,,,,,,,,
INDIGO-POJ-0199,INDIGO-ORG-0085,Government/Public Sector/Public Bank,GBP,1293232,,,,,,,,,,,
INDIGO-POJ-0199,INDIGO-ORG-0086,Government/Public Sector/Public Bank,GBP,143692,,,,,,,,,,,
INDIGO-POJ-0199,INDIGO-ORG-0171,Government/Public Sector/Public Bank,GBP,338000,,,,,,,,,,,
INDIGO-POJ-0200,INDIGO-ORG-1089,Government/Public Sector/Public Bank,GBP,7790305,,,,,,,,,,,
INDIGO-POJ-0200,INDIGO-ORG-0171,Government/Public Sector/Public Bank,GBP,4082470,,,,,,,,,,,
INDIGO-POJ-0201,INDIGO-ORG-1073,Government/Public Sector/Public Bank,GBP,3834424,,,,,,,,,,,
INDIGO-POJ-0201,INDIGO-ORG-0596,Government/Public Sector/Public Bank,GBP,2609424,,,,,,,,,,,
INDIGO-POJ-0201,INDIGO-ORG-1152,Government/Public Sector/Public Bank,GBP,2199423,,,,,,,,,,,
INDIGO-POJ-0201,INDIGO-ORG-0171,Government/Public Sector/Public Bank,GBP,2995411,,,,,,,,,,,
INDIGO-POJ-0202,INDIGO-ORG-0920,Government/Public Sector/Public Bank,AUD,15000000,10041000,,,,,,,,,,
INDIGO-POJ-0203,INDIGO-ORG-1163,Government/Public Sector/Public Bank,,,,,,,,,,,,,"Outcome Payments vary between municipalities. Considering all the outcome payers, the maximum potential outcome payment ranges between EUR 10 and 12 million."
INDIGO-POJ-0203,INDIGO-ORG-1164,Government/Public Sector/Public Bank,,,,,,,,,,,,,"Outcome Payments vary between municipalities. Considering all the outcome payers, the maximum potential outcome payment ranges between EUR 10 and 12 million."
INDIGO-POJ-0203,INDIGO-ORG-1165,Government/Public Sector/Public Bank,,,,,,,,,,,,,"Outcome Payments vary between municipalities. Considering all the outcome payers, the maximum potential outcome payment ranges between EUR 10 and 12 million."
INDIGO-POJ-0203,INDIGO-ORG-1166,Government/Public Sector/Public Bank,,,,,,,,,,,,,"Outcome Payments vary between municipalities. Considering all the outcome payers, the maximum potential outcome payment ranges between EUR 10 and 12 million."
INDIGO-POJ-0203,INDIGO-ORG-1167,Government/Public Sector/Public Bank,,,,,,,,,,,,,"Outcome Payments vary between municipalities. Considering all the outcome payers, the maximum potential outcome payment ranges between EUR 10 and 12 million."
INDIGO-POJ-0204,INDIGO-ORG-1125,Government/Public Sector/Public Bank,EUR,3500000,3921050,,,,,,,,,,
INDIGO-POJ-0205,INDIGO-ORG-1191,Government/Public Sector/Public Bank,EUR,10000000,,,,,,,,,,,
INDIGO-POJ-0205,INDIGO-ORG-1192,Government/Public Sector/Public Bank,EUR,4300000,,,,,,,,,,,
INDIGO-POJ-0205,INDIGO-ORG-1193,Government/Public Sector/Public Bank,EUR,1600000,,,,,,,,,,,
INDIGO-POJ-0206,INDIGO-ORG-0157,Government/Public Sector/Public Bank,,,,,,,,,,,,,
INDIGO-POJ-0207,INDIGO-ORG-0157,Government/Public Sector/Public Bank,EUR,,,,,,,,,,,,
INDIGO-POJ-0209,INDIGO-ORG-0157,Government/Public Sector/Public Bank,EUR,,,,,,,,,,,,
INDIGO-POJ-0210,INDIGO-ORG-0019,Government/Public Sector/Public Bank,,,,,,,,,,,,,
INDIGO-POJ-0210,INDIGO-ORG-0021,Government/Public Sector/Public Bank,,,,,,,,,,,,,
INDIGO-POJ-0211,INDIGO-ORG-1052,Government/Public Sector/Public Bank,,,,,,,,,,,,,
INDIGO-POJ-0211,INDIGO-ORG-0510,,,,,,,,,,,,,,The IDB Lab has funding from the Swiss Secretariat of Economic Affairs (SECO)
INDIGO-POJ-0211,INDIGO-ORG-0282,,,,,,,,,,,,,,
INDIGO-POJ-0212,INDIGO-ORG-1243,Government/Public Sector/Public Bank,,,,,,,,,,,,,
INDIGO-POJ-0213,INDIGO-ORG-1240,Government/Public Sector/Public Bank,,,,,,,,,,,,,
INDIGO-POJ-0214,INDIGO-ORG-1237,Government/Public Sector/Public Bank,EUR,,,,,,,,,,,,
INDIGO-POJ-0215,INDIGO-ORG-1226,Government/Public Sector/Public Bank,,,,,,,,,,,,,
INDIGO-POJ-0216,INDIGO-ORG-1226,Government/Public Sector/Public Bank,,,,,,,,,,,,,
INDIGO-POJ-0217,INDIGO-ORG-1226,Government/Public Sector/Public Bank,,,,,,,,,,,,,
INDIGO-POJ-0218,INDIGO-ORG-0572,Government/Public Sector/Public Bank,USD,,11800000,,,,,,,,,,
INDIGO-POJ-0219,INDIGO-ORG-1345,Government/Public Sector/Public Bank,USD,,14900000,,,,,,,,,,
INDIGO-POJ-0220,INDIGO-ORG-1341,Government/Public Sector/Public Bank,USD,20600000,20600000,,,,,,,,,,
INDIGO-POJ-0221,INDIGO-ORG-1342,Government/Public Sector/Public Bank,,,,,,,,,,,,,
INDIGO-POJ-0221,INDIGO-ORG-1343,Government/Public Sector/Public Bank,,,,,,,,,,,,,
INDIGO-POJ-0222,INDIGO-ORG-0043,Government/Public Sector/Public Bank,EUR,2500000,2950944.544886793,,,,,,,,,,
INDIGO-POJ-0223,INDIGO-ORG-1276,Foundation/Philanthropist,USD,6500000,6500000,Overall,,,,,,,,,The DIB’s Outcome Funders are IKEA Foundation and Novo Nordisk Foundation. They have committed to repay 52% of programme costs and to make outcome payments to NEF depending on the level of success of the DIB’s two payment metrics. They are also funding the DIB’s evaluation and stakeholder coordination costs.
INDIGO-POJ-0223,INDIGO-ORG-1277,Foundation/Philanthropist,DKK,20000000,3200000,Overall,,,,,,,,,The DIB’s Outcome Funders are IKEA Foundation and Novo Nordisk Foundation. They have committed to repay 52% of programme costs and to make outcome payments to NEF depending on the level of success of the DIB’s two payment metrics. They are also funding the DIB’s evaluation and stakeholder coordination costs.
INDIGO-POJ-0223,INDIGO-ORG-1278,Government/Public Sector/Public Bank,NOK,25000000,2800000,Overall,,,,,,,,,"Thanks to its commitment to repay 28% of programme costs, Norad has limited investor downside risk to 20% and improved the project’s risk profile for the Outcome Funders. OF guarantor (payment not linked to any targets)."
INDIGO-POJ-0224,INDIGO-ORG-1263,Government/Public Sector/Public Bank,Russian Ruble,9560465,126456.66093935799,Overall,2021-02,2022-01,,,,,,,
INDIGO-POJ-0225,INDIGO-ORG-1264,Government/Public Sector/Public Bank,Russian Ruble,36172446,478454.4202786409,,,,,,,,,,
INDIGO-POJ-0226,INDIGO-ORG-1266,Government/Public Sector/Public Bank,Russian Ruble,77047640.89,1018646.103047042,,2021-04,2024-03,,,,,,,
INDIGO-POJ-0227,INDIGO-ORG-1269,Government/Public Sector/Public Bank,Russian Ruble,30923600,425222.143079119,,,,,,,,,,
INDIGO-POJ-0228,INDIGO-ORG-1271,Government/Public Sector/Public Bank,GBP,3570000,,,,,,,,,,,
INDIGO-POJ-0228,INDIGO-ORG-1272,Government/Public Sector/Public Bank,GBP,3404000,,,,,,,,,,,
INDIGO-POJ-0228,INDIGO-ORG-0171,Government/Public Sector/Public Bank,GBP,2796521,,,,,,,,,,,
INDIGO-POJ-0229,INDIGO-ORG-0533,Foundation/Philanthropist,,,,,,,,,,,,,
INDIGO-POJ-0229,INDIGO-ORG-1284,,,,,,,,,,,,,,
INDIGO-POJ-0229,INDIGO-ORG-1285,,,,,,,,,,,,,,
INDIGO-POJ-0229,INDIGO-ORG-1286,,,,,,,,,,,,,,
INDIGO-POJ-0231,INDIGO-ORG-1299,Government/Public Sector/Public Bank,,,,,,,,,,,,,
INDIGO-POJ-0232,INDIGO-ORG-1316,,,,,,,,,,,,,,
INDIGO-POJ-0233,INDIGO-ORG-1319,Government/Public Sector/Public Bank,,,,,,,,,,,,,
INDIGO-POJ-0234,INDIGO-ORG-1323,Government/Public Sector/Public Bank,,,,,,,,,,,,,
INDIGO-POJ-0235,INDIGO-ORG-1326,Government/Public Sector/Public Bank,,,,,,,,,,,,,
INDIGO-POJ-0236,INDIGO-ORG-1335,Government/Public Sector/Public Bank,,,,,,,,,,,,,
INDIGO-POJ-0237,INDIGO-ORG-1339,Government/Public Sector/Public Bank,,,,,,,,,,,,,
INDIGO-POJ-0238,INDIGO-ORG-1346,Government/Public Sector/Public Bank,,,,,,,,,,,,,
INDIGO-POJ-0239,INDIGO-ORG-1319,Government/Public Sector/Public Bank,,,,,,,,,,,,,
INDIGO-POJ-0240,INDIGO-ORG-1319,Government/Public Sector/Public Bank,,,,,,,,,,,,,
INDIGO-POJ-0241,INDIGO-ORG-1319,Government/Public Sector/Public Bank,,,,,,,,,,,,,
INDIGO-POJ-0242,INDIGO-ORG-1319,Government/Public Sector/Public Bank,,,,,,,,,,,,,
INDIGO-POJ-0243,INDIGO-ORG-1357,,,,,,,,,,,,,,
INDIGO-POJ-0243,INDIGO-ORG-1358,,,,,,,,,,,,,,
INDIGO-POJ-0244,INDIGO-ORG-1366,Government/Public Sector/Public Bank,,,,,,,,,,,,,
INDIGO-POJ-0245,INDIGO-ORG-1366,Government/Public Sector/Public Bank,,,,,,,,,,,,,
INDIGO-POJ-0246,INDIGO-ORG-1379,Government/Public Sector/Public Bank,CAD,2120000,,,,,,,,,,,
INDIGO-POJ-0247,INDIGO-ORG-1373,Multilateral/Bilateral/Intergovernmental Financial Institution,USD,163760000,163760000,,,,,,,,,,"Maximum potential payment after maturity of the bond is USD 150,000,000 and maximum conservation success payment USD 13.76 million (assuming that final rhino growth rate was over 4%)."
INDIGO-POJ-0248,INDIGO-ORG-0157,Government/Public Sector/Public Bank,EUR,,,,,,,,,,,,
INDIGO-POJ-0249,INDIGO-ORG-0157,Government/Public Sector/Public Bank,EUR,,,,,,,,,,,,
INDIGO-POJ-0250,INDIGO-ORG-0157,Government/Public Sector/Public Bank,EUR,,,,,,,,,,,,
INDIGO-POJ-0251,INDIGO-ORG-0157,Government/Public Sector/Public Bank,EUR,,,,,,,,,,,,
INDIGO-POJ-0252,INDIGO-ORG-0157,Government/Public Sector/Public Bank,EUR,,,,,,,,,,,,
INDIGO-POJ-0253,INDIGO-ORG-0157,Government/Public Sector/Public Bank,EUR,,,,,,,,,,,,
INDIGO-POJ-0254,INDIGO-ORG-0157,Government/Public Sector/Public Bank,EUR,,,,,,,,,,,,
INDIGO-POJ-0260,INDIGO-ORG-1486,,,,,,,,,,,,,,
INDIGO-POJ-0260,INDIGO-ORG-1487,,,,,,,,,,,,,,Multiple rural districts in Southwest Colorado are also participating and other schools US School district are also participating in the model
INDIGO-POJ-0261,INDIGO-ORG-1406,Government/Public Sector/Public Bank,,,,,,,,,,,,,Outcome payer
INDIGO-POJ-0262,INDIGO-ORG-1408,Government/Public Sector/Public Bank,DKK,,,,,,,,,,,,Outcome payer
INDIGO-POJ-0263,INDIGO-ORG-1409,Government/Public Sector/Public Bank,,,,,,,,,,,,,
INDIGO-POJ-0264,INDIGO-ORG-1410,Government/Public Sector/Public Bank,,,,,,,,,,,,,Outcome payer
INDIGO-POJ-0265,INDIGO-ORG-1410,Government/Public Sector/Public Bank,,,,,,,,,,,,,
INDIGO-POJ-0266,INDIGO-ORG-1410,Government/Public Sector/Public Bank,,,,,,,,,,,,,
INDIGO-POJ-0267,INDIGO-ORG-1414,Government/Public Sector/Public Bank,,,,,,,,,,,,,
INDIGO-POJ-0268,INDIGO-ORG-1410,Government/Public Sector/Public Bank,,,,,,,,,,,,,
INDIGO-POJ-0269,INDIGO-ORG-1417,Government/Public Sector/Public Bank,,,,,,,,,,,,,
INDIGO-POJ-0270,INDIGO-ORG-1410,Government/Public Sector/Public Bank,,,,,,,,,,,,,
INDIGO-POJ-0271,INDIGO-ORG-1419,Government/Public Sector/Public Bank,,,,,,,,,,,,,
INDIGO-POJ-0271,INDIGO-ORG-0047,Government/Public Sector/Public Bank,,,,,,,,,,,,,
INDIGO-POJ-0271,INDIGO-ORG-0171,Government/Public Sector/Public Bank,,,,,,,,,,,,,
INDIGO-POJ-0272,INDIGO-ORG-0920,Government/Public Sector/Public Bank,,,,,,,,,,,,,
INDIGO-POJ-0273,INDIGO-ORG-1440,Government/Public Sector/Public Bank,CAD,150000,112781.954887218,,,,,,,,,,
INDIGO-POJ-0273,INDIGO-ORG-1441,Nonprofit/NGO,CAD,4500,3383.458646616541,,,,,,,,,,
INDIGO-POJ-0273,INDIGO-ORG-1442,,CAD,150000,112781.954887218,,,,,,,,,,
INDIGO-POJ-0274,INDIGO-ORG-1204,Government/Public Sector/Public Bank,,,,,,,,,,,,,
INDIGO-POJ-0274,INDIGO-ORG-0985,Government/Public Sector/Public Bank,,,,,,,,,,,,,
INDIGO-POJ-0274,INDIGO-ORG-1469,Government/Public Sector/Public Bank,,,,,,,,,,,,,
INDIGO-POJ-0274,INDIGO-ORG-1470,Other,,,,,,,,,,,,,
INDIGO-POJ-0274,INDIGO-ORG-1471,Foundation/Philanthropist,,,,,,,,,,,,,
INDIGO-POJ-0275,INDIGO-ORG-1204,Government/Public Sector/Public Bank,,,,,,,,,,,,,
INDIGO-POJ-0275,INDIGO-ORG-0985,Government/Public Sector/Public Bank,,,,,,,,,,,,,
INDIGO-POJ-0275,INDIGO-ORG-1469,Government/Public Sector/Public Bank,,,,,,,,,,,,,
INDIGO-POJ-0275,INDIGO-ORG-1470,Other,,,,,,,,,,,,,
INDIGO-POJ-0275,INDIGO-ORG-1471,Foundation/Philanthropist,,,,,,,,,,,,,
INDIGO-POJ-0276,INDIGO-ORG-1204,Government/Public Sector/Public Bank,,,,,,,,,,,,,
INDIGO-POJ-0276,INDIGO-ORG-0985,Government/Public Sector/Public Bank,,,,,,,,,,,,,
INDIGO-POJ-0276,INDIGO-ORG-1469,Government/Public Sector/Public Bank,,,,,,,,,,,,,
INDIGO-POJ-0276,INDIGO-ORG-1470,Other,,,,,,,,,,,,,
INDIGO-POJ-0276,INDIGO-ORG-1471,Foundation/Philanthropist,,,,,,,,,,,,,
INDIGO-POJ-0280,INDIGO-ORG-1379,Government/Public Sector/Public Bank,,,,,,,,,,,,,
INDIGO-POJ-0281,INDIGO-ORG-1379,Government/Public Sector/Public Bank,,,,,,,,,,,,,
INDIGO-POJ-0282,INDIGO-ORG-1419,Government/Public Sector/Public Bank,,,,,,,,,,,,,
INDIGO-POJ-0282,INDIGO-ORG-0047,Government/Public Sector/Public Bank,,,,,,,,,,,,,
INDIGO-POJ-0282,INDIGO-ORG-0171,Government/Public Sector/Public Bank,,,,,,,,,,,,,
INDIGO-POJ-0283,INDIGO-ORG-1419,Government/Public Sector/Public Bank,,,,,,,,,,,,,
INDIGO-POJ-0284,INDIGO-ORG-1419,Government/Public Sector/Public Bank,,,,,,,,,,,,,
INDIGO-POJ-0285,INDIGO-ORG-1464,Other,,,,,,,,,,,,,
INDIGO-POJ-0285,INDIGO-ORG-1465,Other,,,,,,,,,,,,,
INDIGO-POJ-0285,INDIGO-ORG-1466,Other,,,,,,,,,,,,,
INDIGO-POJ-0285,INDIGO-ORG-0541,Government/Public Sector/Public Bank,,,,,,,,,,,,,One of the 7 municipalities serving as an outcome payer
INDIGO-POJ-0285,INDIGO-ORG-1473,Government/Public Sector/Public Bank,,,,,,,,,,,,,One of the 7 municipalities serving as an outcome payer
INDIGO-POJ-0285,INDIGO-ORG-1474,Government/Public Sector/Public Bank,,,,,,,,,,,,,One of the 7 municipalities serving as an outcome payer
INDIGO-POJ-0285,INDIGO-ORG-1475,Government/Public Sector/Public Bank,,,,,,,,,,,,,One of the 7 municipalities serving as an outcome payer
INDIGO-POJ-0285,INDIGO-ORG-1476,Government/Public Sector/Public Bank,,,,,,,,,,,,,One of the 7 municipalities serving as an outcome payer
INDIGO-POJ-0285,INDIGO-ORG-1477,Government/Public Sector/Public Bank,,,,,,,,,,,,,One of the 7 municipalities serving as an outcome payer
INDIGO-POJ-0285,INDIGO-ORG-1478,Government/Public Sector/Public Bank,,,,,,,,,,,,,One of the 7 municipalities serving as an outcome payer
INDIGO-POJ-0286,INDIGO-ORG-1479,Government/Public Sector/Public Bank,,,,,,,,,,,,,
INDIGO-POJ-0287,INDIGO-ORG-1490,Government/Public Sector/Public Bank,NZD,24000000,17021276.59574468,,,,,,,,,,
INDIGO-POJ-0288,INDIGO-ORG-1536,Government/Public Sector/Public Bank,ZAR,,,,,,,,,,,,
INDIGO-POJ-0288,INDIGO-ORG-1537,Government/Public Sector/Public Bank,ZAR,,,,,,,,,,,,
INDIGO-POJ-0288,INDIGO-ORG-1542,Government/Public Sector/Public Bank,ZAR,,,,,,,,,,,,
INDIGO-POJ-0289,INDIGO-ORG-1512,,,,,,,,,,,,,,
INDIGO-POJ-0289,INDIGO-ORG-1513,,,,,,,,,,,,,,
INDIGO-POJ-0289,INDIGO-ORG-1514,,,,,,,,,,,,,,
INDIGO-POJ-0289,INDIGO-ORG-1515,,,,,,,,,,,,,,
INDIGO-POJ-0289,INDIGO-ORG-1019,,,,,,,,,,,,,,
INDIGO-POJ-0289,INDIGO-ORG-1516,,,,,,,,,,,,,,
INDIGO-POJ-0290,INDIGO-ORG-1519,Government/Public Sector/Public Bank,,,,,,,,,,,,,
INDIGO-POJ-0290,INDIGO-ORG-1514,,,,,,,,,,,,,,
INDIGO-POJ-0290,INDIGO-ORG-1019,,,,,,,,,,,,,,
INDIGO-POJ-0290,INDIGO-ORG-1520,,,,,,,,,,,,,,
INDIGO-POJ-0290,INDIGO-ORG-1024,,,,,,,,,,,,,,
INDIGO-POJ-0290,INDIGO-ORG-1521,,,,,,,,,,,,,,
INDIGO-POJ-0290,INDIGO-ORG-1522,,,,,,,,,,,,,,
INDIGO-POJ-0290,INDIGO-ORG-1523,,,,,,,,,,,,,,
INDIGO-POJ-0291,INDIGO-ORG-0985,Government/Public Sector/Public Bank,,,,,,,,,,,,,
INDIGO-POJ-0295,INDIGO-ORG-1623,Government/Public Sector/Public Bank,CAD,4500000,3389383.668,,,,,,,,,,
INDIGO-POJ-0299,INDIGO-ORG-1545,,GBP,310692,,,,,,,,,,,
INDIGO-POJ-0299,INDIGO-ORG-0306,,GBP,67076,,,,,,,,,,,
INDIGO-POJ-0300,INDIGO-ORG-1546,,GBP,1885855,,,2022-04,,,,,,,,expected end of CBO funding is 2024-03.  Bradford Hospital due to pay £2.84 m by end of project
INDIGO-POJ-0300,INDIGO-ORG-0306,,GBP,81558,,,2022-04,,,,,,,,
INDIGO-POJ-0301,INDIGO-ORG-1550,Investment Fund,,,,,,,,,,,,,
INDIGO-POJ-0302,INDIGO-ORG-1589,Government/Public Sector/Public Bank,USD,1250000,1250000,,,,,,,,,,
INDIGO-POJ-0304,INDIGO-ORG-0533,Foundation/Philanthropist,,,,,,,,,,,,,
INDIGO-POJ-0304,INDIGO-ORG-1569,Multilateral/Bilateral/Intergovernmental Financial Institution,,,,,,,,,,,,,
INDIGO-POJ-0304,INDIGO-ORG-1570,Multilateral/Bilateral/Intergovernmental Financial Institution,,,,,,,,,,,,,
INDIGO-POJ-0304,INDIGO-ORG-1571,Multilateral/Bilateral/Intergovernmental Financial Institution,,,,,,,,,,,,,
INDIGO-POJ-0304,INDIGO-ORG-1572,Multilateral/Bilateral/Intergovernmental Financial Institution,,,,,,,,,,,,,
INDIGO-POJ-0304,INDIGO-ORG-1573,Multilateral/Bilateral/Intergovernmental Financial Institution,,,,,,,,,,,,,
INDIGO-POJ-0305,INDIGO-ORG-0408,,,,,,,,,,,,,,
INDIGO-POJ-0305,INDIGO-ORG-0306,,,,,,,,,,,,,,
INDIGO-POJ-0306,INDIGO-ORG-1100,,,,,,,,,,,,,,
INDIGO-POJ-0306,INDIGO-ORG-0306,,,,,,,,,,,,,,
INDIGO-POJ-0308,INDIGO-ORG-1591,,,,,,,,,,,,,,
INDIGO-POJ-0308,INDIGO-ORG-0306,,,,,,,,,,,,,,
INDIGO-POJ-0309,INDIGO-ORG-0115,,,,,,,,,,,,,,
INDIGO-POJ-0309,INDIGO-ORG-0306,,,,,,,,,,,,,,
INDIGO-POJ-0309,INDIGO-ORG-0810,,,,,,,,,,,,,,
INDIGO-POJ-0309,INDIGO-ORG-1593,,,,,,,,,,,,,,
INDIGO-POJ-0311,INDIGO-ORG-1598,Government/Public Sector/Public Bank,,,,,,,,,,,,,
INDIGO-POJ-0312,INDIGO-ORG-1604,,,,,,,,,,,,,,
INDIGO-POJ-0313,INDIGO-ORG-1605,Government/Public Sector/Public Bank,,,,,,,,,,,,,
INDIGO-POJ-0314,INDIGO-ORG-1606,,,,,,,,,,,,,,
INDIGO-POJ-0314,INDIGO-ORG-1609,,,,,,,,,,,,,,
INDIGO-POJ-0315,INDIGO-ORG-1616,Foundation/Philanthropist,EUR,397800,377910,Overall,,,EUR,397800,377910,,,,
INDIGO-POJ-0316,INDIGO-ORG-0115,,,,,,,,,,,,,,
INDIGO-POJ-0316,INDIGO-ORG-0306,,,,,,,,,,,,,,
INDIGO-POJ-0316,INDIGO-ORG-0809,,,,,,,,,,,,,,
INDIGO-POJ-0317,INDIGO-ORG-1627,Government/Public Sector/Public Bank,,,,,,,,,,,,,"Since the project achieved its objectives, the Ministry of Social Affairs is paying back the pre-financed amount."
INDIGO-POJ-0318,INDIGO-ORG-0306,,GBP,900000,,,,,,,,,,,
INDIGO-POJ-0318,INDIGO-ORG-0848,,,,,,,,,,,,,,
INDIGO-POJ-0319,INDIGO-ORG-0256,Government/Public Sector/Public Bank,GBP,5513000,,,,,,,,,,,
INDIGO-POJ-0319,INDIGO-ORG-0171,Government/Public Sector/Public Bank,,,,,,,,,,,,,
INDIGO-POJ-0320,INDIGO-ORG-1636,Government/Public Sector/Public Bank,,,,,,,,,,,,,
INDIGO-POJ-0321,INDIGO-ORG-0185,,,,,,,,,,,,,,
INDIGO-POJ-0321,INDIGO-ORG-1640,,,,,,,,,,,,,,
INDIGO-POJ-0321,INDIGO-ORG-1641,,,,,,,,,,,,,,
INDIGO-POJ-0321,INDIGO-ORG-1642,,,,,,,,,,,,,,
INDIGO-POJ-0321,INDIGO-ORG-1643,,,,,,,,,,,,,,
INDIGO-POJ-0323,INDIGO-ORG-1650,Government/Public Sector/Public Bank,,,,,,,,,,,,,
INDIGO-POJ-0324,INDIGO-ORG-0510,Multilateral/Bilateral/Intergovernmental Financial Institution,USD,300000,300000,,,,,,,,,,
INDIGO-POJ-0324,INDIGO-ORG-1654,Government/Public Sector/Public Bank,USD,148000,148000,,,,,,,,,,
INDIGO-POJ-0324,INDIGO-ORG-1655,Government/Public Sector/Public Bank,USD,122000,122000,,,,,,,,,,
INDIGO-POJ-0324,INDIGO-ORG-1656,Government/Public Sector/Public Bank,USD,120000,120000,,,,,,,,,,
INDIGO-POJ-0326,INDIGO-ORG-0019,,,,,,,,,,,,,,
INDIGO-POJ-0327,INDIGO-ORG-0019,Government/Public Sector/Public Bank,,,,,,,,,,,,,
INDIGO-POJ-0328,INDIGO-ORG-0021,Government/Public Sector/Public Bank,,,,,,,,,,,,,
INDIGO-POJ-0329,INDIGO-ORG-0019,,,,,,,,,,,,,,
INDIGO-POJ-0330,INDIGO-ORG-0021,,,,,,,,,,,,,,
INDIGO-POJ-0330,INDIGO-ORG-0019,,,,,,,,,,,,,,
INDIGO-POJ-0331,INDIGO-ORG-0019,,,,,,,,,,,,,,
INDIGO-POJ-0331,INDIGO-ORG-0021,,,,,,,,,,,,,,
INDIGO-POJ-0332,INDIGO-ORG-0021,Government/Public Sector/Public Bank,,,,,,,,,,,,,
INDIGO-POJ-0333,INDIGO-ORG-1201,Government/Public Sector/Public Bank,,,,,,,,,,,,,ADEME only reimburses these investors based on the results actually obtained by the project and objectively observed by an independent evaluator.
INDIGO-POJ-0334,INDIGO-ORG-1201,,,,,,,,,,,,,,
INDIGO-POJ-0336,INDIGO-ORG-1201,Government/Public Sector/Public Bank,,,,,,,,,,,,,
INDIGO-POJ-0337,INDIGO-ORG-1201,,,,,,,,,,,,,,ADEME will reimburse investors if impact objectives certified by the Citizing firm are achieved.
INDIGO-POJ-0338,INDIGO-ORG-1201,Government/Public Sector/Public Bank,,,,,,,,,,,,,
