Project ID,Id,Organisation ID - (Value),Organisation Role Category - (Value),Investment Commitment - Currency - (Value),Investment Commitment - Amount - Min - (Value),Investment Commitment - Amount - Exact - (Value),Investment Commitment - Amount - Max - (Value),Investment Commitment - Amount USD - Min - (Value),Investment Commitment - Amount USD - Exact - (Value),Investment Commitment - Amount USD - Max - (Value),Maximum Potential loss - (Value),Maximum Potential Return Type - (Value),Maximum Potential Return - (Value),Investor Repayment - (Value),Investment Type - (Value),Sources,Notes
INDIGO-POJ-0001,investment1,INDIGO-ORG-0505,,,,,,,,,,,,,,,
INDIGO-POJ-0001,investment2,INDIGO-ORG-0506,,,,,,,,,,,,,,,
INDIGO-POJ-0001,investment3,INDIGO-ORG-0507,,,,,,,,,,,,,,,
INDIGO-POJ-0001,investment4,INDIGO-ORG-0508,,,,,,,,,,,,,,,
INDIGO-POJ-0001,investment5,INDIGO-ORG-0509,,,,,,,,,,,,,,,
INDIGO-POJ-0001,investment6,INDIGO-ORG-0510,,,,,,,,,,,,,,,
INDIGO-POJ-0002,investment1,INDIGO-ORG-0696,,AUD,,9000000,,,6897830.457,,,,,,,,
INDIGO-POJ-0003,investment1,INDIGO-ORG-0567,,,,,,,,,,,,,0% maximum potential loss,,"Senior Investors include Benevolent Society, Westpac Foundation, and the Commonwealth Bank of Australia. The Westpac Institutional Bank and Commonwealth Bank of Australia raised funds from their investors, including high net worth individuals, self-managed super funds, trusts, small foundations, and institutions."
INDIGO-POJ-0003,investment2,INDIGO-ORG-0568,,,,,,,,,,,,,,,"Subordinate Investors include the Benevolent Society, Westpac Foundation, the Commonwealth Bank of Australia."
INDIGO-POJ-0003,investment3,INDIGO-ORG-0569,,,,,,,,,,,,,,,
INDIGO-POJ-0005,investment1,INDIGO-ORG-0701,,AUD,,7000000,,,6757780.231,,,,,,Loan,,
INDIGO-POJ-0006,investment1,INDIGO-ORG-0613,,,,,,,,,,,,,,,
INDIGO-POJ-0006,investment2,INDIGO-ORG-0966,,,,,,,,,,,,,,,
INDIGO-POJ-0007,investment1,INDIGO-ORG-0217,,AUD,,7000000,,,5364979.244,,,,,,,,
INDIGO-POJ-0009,investment1,INDIGO-ORG-0615,,AUD,,8200000,,,5700903.489,,,,,,,,
INDIGO-POJ-0010,investment1,INDIGO-ORG-0206,,,,,,,,,,,,,,,
INDIGO-POJ-0010,investment2,INDIGO-ORG-0207,,,,,,,,,,,,,,,
INDIGO-POJ-0010,investment3,INDIGO-ORG-0208,,,,,,,,,,,,,,,
INDIGO-POJ-0010,investment4,INDIGO-ORG-0209,,,,,,,,,,,,,,,
INDIGO-POJ-0010,investment5,INDIGO-ORG-0204,,,,,,,,,,,,,,,
INDIGO-POJ-0011,investment1,INDIGO-ORG-0044,,EUR,,234000,,,310455.6954,,,,,,,,
INDIGO-POJ-0012,investment1,INDIGO-ORG-0142,,,,,,,,,,,,,,,
INDIGO-POJ-0013,investment1,INDIGO-ORG-0018,,,,,,,,,,,,,,,
INDIGO-POJ-0013,investment2,INDIGO-ORG-0710,,,,,,,,,,,,,,,
INDIGO-POJ-0013,investment3,INDIGO-ORG-0707,,,,,,,,,,,,,,,
INDIGO-POJ-0013,investment4,INDIGO-ORG-0711,,,,,,,,,,,,,,,
INDIGO-POJ-0013,investment5,INDIGO-ORG-0712,,,,,,,,,,,,,,,
INDIGO-POJ-0014,investment1,INDIGO-ORG-0074,,,,,,,,,,,,,,,
INDIGO-POJ-0015,investment1,INDIGO-ORG-0467,,USD,,800000,,,800000,,,,,,,,
INDIGO-POJ-0016,investment1,INDIGO-ORG-0441,,,,,,,,,,,,,Loan,,
INDIGO-POJ-0016,investment2,INDIGO-ORG-0442,,,,,,,,,,,,,Loan,,
INDIGO-POJ-0017,investment1,INDIGO-ORG-0551,,CAD,,1000000,,,754366.7479,,,,,,,,
INDIGO-POJ-0018,investment1,INDIGO-ORG-0762,,,,,,,,,,,,,,,
INDIGO-POJ-0018,investment2,INDIGO-ORG-0763,,,,,,,,,,,,,,,
INDIGO-POJ-0018,investment3,INDIGO-ORG-0764,,,,,,,,,,,,,,,
INDIGO-POJ-0018,investment4,INDIGO-ORG-0765,,,,,,,,,,,,,,,
INDIGO-POJ-0018,investment5,INDIGO-ORG-0009,,,,,,,,,,,,,,,
INDIGO-POJ-0018,investment6,INDIGO-ORG-0767,,,,,,,,,,,,,,,
INDIGO-POJ-0018,investment7,INDIGO-ORG-0768,,,,,,,,,,,,,,,
INDIGO-POJ-0018,investment8,INDIGO-ORG-0674,,,,,,,,,,,,,,,
INDIGO-POJ-0018,investment9,INDIGO-ORG-0769,,,,,,,,,,,,,,,
INDIGO-POJ-0019,investment1,INDIGO-ORG-0593,,,,,,,,,,,,,,,
INDIGO-POJ-0019,investment2,INDIGO-ORG-0674,,,,,,,,,,,,,,,
INDIGO-POJ-0019,investment3,INDIGO-ORG-0675,,,,,,,,,,,,,,,
INDIGO-POJ-0020,investment1,INDIGO-ORG-0593,,,,,,,,,,,,,,,
INDIGO-POJ-0020,investment2,INDIGO-ORG-0594,,,,,,,,,,,,,,,
INDIGO-POJ-0022,investment1,INDIGO-ORG-0283,,,,,,,,,,,,,,,
INDIGO-POJ-0022,investment2,INDIGO-ORG-0284,,,,,,,,,,,,,,,
INDIGO-POJ-0022,investment3,INDIGO-ORG-0285,,,,,,,,,,,,,,,
INDIGO-POJ-0022,investment4,INDIGO-ORG-0286,,,,,,,,,,,,,,,
INDIGO-POJ-0022,investment5,INDIGO-ORG-0287,,,,,,,,,,,,,,,
INDIGO-POJ-0023,investment1,INDIGO-ORG-0284,,,,,,,,,,,,,Investment from endowment,,
INDIGO-POJ-0023,investment2,INDIGO-ORG-0283,,,,,,,,,,,,,Investment from endowment,,
INDIGO-POJ-0023,investment3,INDIGO-ORG-0285,,,,,,,,,,,,,Investment with debt characteristics,,
INDIGO-POJ-0024,investment1,INDIGO-ORG-0547,Multilateral/Bilateral/Intergovernmental Financial Institution,EUR,,10000000,,,11268908.11188811,,,,,,,,
INDIGO-POJ-0024,investment2,INDIGO-ORG-0548,,EUR,,4300000,,,4845630.488111888,,,,,,,,
INDIGO-POJ-0025,investment1,INDIGO-ORG-0387,,,,,,,,,,,,,,,
INDIGO-POJ-0025,investment2,INDIGO-ORG-0388,,,,,,,,,,,,,,,
INDIGO-POJ-0025,investment3,INDIGO-ORG-0389,,,,,,,,,,,,,,,
INDIGO-POJ-0025,investment4,INDIGO-ORG-0390,,,,,,,,,,,,,,,
INDIGO-POJ-0026,investment1,INDIGO-ORG-0018,,,,,,,,,,,,,,,
INDIGO-POJ-0026,investment2,INDIGO-ORG-0340,,,,,,,,,,,,,,,
INDIGO-POJ-0027,investment1,INDIGO-ORG-0022,,,,,,,,,,,,,,,
INDIGO-POJ-0027,investment2,INDIGO-ORG-0023,,,,,,,,,,,,,,,
INDIGO-POJ-0027,investment3,INDIGO-ORG-0024,,,,,,,,,,,,,,,
INDIGO-POJ-0027,investment4,INDIGO-ORG-0025,,,,,,,,,,,,,,,
INDIGO-POJ-0028,investment1,INDIGO-ORG-0018,,,,,,,,,,,,,,,
INDIGO-POJ-0028,investment2,INDIGO-ORG-0023,,,,,,,,,,,,,,,
INDIGO-POJ-0028,investment3,INDIGO-ORG-0487,,,,,,,,,,,,,,,
INDIGO-POJ-0029,investment1,INDIGO-ORG-0023,,,,,,,,,,,,,,,
INDIGO-POJ-0029,investment2,INDIGO-ORG-0018,,,,,,,,,,,,,,,
INDIGO-POJ-0029,investment3,INDIGO-ORG-0710,,,,,,,,,,,,,,,
INDIGO-POJ-0029,investment4,INDIGO-ORG-0025,,,,,,,,,,,,,,,
INDIGO-POJ-0030,investment1,INDIGO-ORG-0090,,EUR,,1000000,,,1106151.707,,,,,,,,
INDIGO-POJ-0031,investment1,INDIGO-ORG-0018,,,,,,,,,,,,,,,
INDIGO-POJ-0031,investment2,INDIGO-ORG-0023,,,,,,,,,,,,,,,
INDIGO-POJ-0031,investment3,INDIGO-ORG-0240,,,,,,,,,,,,,,,
INDIGO-POJ-0031,investment4,INDIGO-ORG-0241,,,,,,,,,,,,,,,
INDIGO-POJ-0031,investment5,INDIGO-ORG-0242,,,,,,,,,,,,,,,
INDIGO-POJ-0032,investment1,INDIGO-ORG-1010,,,,,,,,,,,,,,,
INDIGO-POJ-0033,investment1,INDIGO-ORG-0741,,,,,,,,,,,,,,,
INDIGO-POJ-0033,investment2,INDIGO-ORG-0742,,,,,,,,,,,,,,,
INDIGO-POJ-0033,investment3,INDIGO-ORG-0743,,,,,,,,,,,,,,,
INDIGO-POJ-0033,investment4,INDIGO-ORG-0744,,,,,,,,,,,,,,,
INDIGO-POJ-0034,investment1,INDIGO-ORG-0316,,,,,,,,,,,,,,,
INDIGO-POJ-0035,investment1,INDIGO-ORG-0534,,USD,,292897.714,,,292897.714,,,,,,,,
INDIGO-POJ-0036,investment1,INDIGO-ORG-0534,,USD,,3000000,,,3000000,,,,,,,,
INDIGO-POJ-0037,investment1,INDIGO-ORG-0534,,USD,,2900000,,,2900000,,,,,,,,
INDIGO-POJ-0038,investment1,INDIGO-ORG-0223,,Israeli new shekels,,19400000,,,5051337.91,,,,,,,,
INDIGO-POJ-0039,investment1,INDIGO-ORG-0973,,,,,,,,,,,,,,,
INDIGO-POJ-0039,investment2,INDIGO-ORG-0974,,,,,,,,,,,,,,,
INDIGO-POJ-0039,investment3,INDIGO-ORG-0975,,,,,,,,,,,,,,,
INDIGO-POJ-0040,investment1,INDIGO-ORG-0778,,,,,,,,,,,,,,,
INDIGO-POJ-0040,investment2,INDIGO-ORG-0779,,,,,,,,,,,,,,,
INDIGO-POJ-0040,investment3,INDIGO-ORG-0352,,,,,,,,,,,,,,,
INDIGO-POJ-0041,investment1,INDIGO-ORG-0350,,,,,,,,,,,,,,,
INDIGO-POJ-0041,investment2,INDIGO-ORG-0351,,,,,,,,,,,,,,,
INDIGO-POJ-0041,investment3,INDIGO-ORG-0352,,,,,,,,,,,,,,,
INDIGO-POJ-0041,investment4,INDIGO-ORG-0353,,,,,,,,,,,,,,,
INDIGO-POJ-0042,investment1,INDIGO-ORG-0778,,,,,,,,,,,,,,,
INDIGO-POJ-0042,investment2,INDIGO-ORG-0804,,,,,,,,,,,,,,,
INDIGO-POJ-0043,investment1,INDIGO-ORG-0986,,,,,,,,,,,,,,,
INDIGO-POJ-0043,investment2,INDIGO-ORG-0987,,,,,,,,,,,,,,,
INDIGO-POJ-0043,investment3,INDIGO-ORG-0988,,,,,,,,,,,,,,,
INDIGO-POJ-0043,investment4,INDIGO-ORG-0989,,,,,,,,,,,,,,,
INDIGO-POJ-0043,investment5,INDIGO-ORG-0990,,,,,,,,,,,,,,,
INDIGO-POJ-0043,investment6,INDIGO-ORG-1295,,,,,,,,,,,,,,,
INDIGO-POJ-0043,investment7,INDIGO-ORG-0992,,,,,,,,,,,,,,,
INDIGO-POJ-0044,investment1,INDIGO-ORG-0177,,,,,,,,,,,,,,,
INDIGO-POJ-0044,investment2,INDIGO-ORG-0173,,,,,,,,,,,,,,,
INDIGO-POJ-0044,investment3,INDIGO-ORG-0448,,,,,,,,,,,,,,,
INDIGO-POJ-0045,investment1,INDIGO-ORG-0177,,,,,,,,,,,,,,,
INDIGO-POJ-0045,investment2,INDIGO-ORG-0178,,,,,,,,,,,,,,,
INDIGO-POJ-0046,investment1,INDIGO-ORG-0687,,,,,,,,,,,,,,,
INDIGO-POJ-0046,investment2,INDIGO-ORG-0448,,,,,,,,,,,,,,,
INDIGO-POJ-0047,investment1,INDIGO-ORG-0448,,,,,,,,,,,,,,,
INDIGO-POJ-0047,investment2,INDIGO-ORG-0177,,,,,,,,,,,,,,,
INDIGO-POJ-0048,investment1,INDIGO-ORG-0542,,,,,,,,,,,,,,,
INDIGO-POJ-0048,investment2,INDIGO-ORG-0177,,,,,,,,,,,,,,,
INDIGO-POJ-0049,investment1,INDIGO-ORG-0542,,EUR,,450000,,,531170.018,,,,,,,,
INDIGO-POJ-0050,investment1,INDIGO-ORG-0726,,,,,,,,,,,,,,,
INDIGO-POJ-0050,investment2,INDIGO-ORG-0727,,,,,,,,,,,,,,,
INDIGO-POJ-0051,investment1,INDIGO-ORG-1015,,,,,,,,,,,,,,,
INDIGO-POJ-0052,investment1,INDIGO-ORG-0178,,,,,,,,,,,,,,,
INDIGO-POJ-0052,investment2,INDIGO-ORG-0177,,,,,,,,,,,,,,,
INDIGO-POJ-0052,investment3,INDIGO-ORG-0687,,,,,,,,,,,,,,,
INDIGO-POJ-0053,investment1,INDIGO-ORG-0448,,,,,,,,,,,,,,,
INDIGO-POJ-0053,investment2,INDIGO-ORG-0177,,,,,,,,,,,,,,,
INDIGO-POJ-0053,investment3,INDIGO-ORG-0895,,,,,,,,,,,,,,,
INDIGO-POJ-0054,investment1,INDIGO-ORG-0689,,EUR,,3000000,,,3327200.336,,,,,,,,
INDIGO-POJ-0055,investment1,INDIGO-ORG-0582,,,,,,,,,,,,,Equity,,
INDIGO-POJ-0055,investment2,INDIGO-ORG-0583,,,,,,,,,,,,,Equity,,
INDIGO-POJ-0055,investment3,INDIGO-ORG-0584,,,,,,,,,,,,,Equity,,
INDIGO-POJ-0055,investment4,INDIGO-ORG-0585,,,,,,,,,,,,,Debt,,
INDIGO-POJ-0055,investment5,INDIGO-ORG-0586,,,,,,,,,,,,,Debt,,
INDIGO-POJ-0055,investment6,INDIGO-ORG-0568,,,,,,,,,,,,,Debt,,
INDIGO-POJ-0056,investment1,INDIGO-ORG-0152,,,,,,,,,,,,,,,
INDIGO-POJ-0056,investment2,INDIGO-ORG-0153,,,,,,,,,,,,,,,
INDIGO-POJ-0056,investment3,INDIGO-ORG-0149,,,,,,,,,,,,,,,
INDIGO-POJ-0056,investment4,INDIGO-ORG-0155,,,,,,,,,,,,,,,
INDIGO-POJ-0057,investment1,INDIGO-ORG-0253,,USD,,19700000,,,19700000,,,,,,,,
INDIGO-POJ-0058,investment1,INDIGO-ORG-0396,,,,,,,,,,,,,Equity and debt,,
INDIGO-POJ-0058,investment2,INDIGO-ORG-0397,,,,,,,,,,,,,Equity and debt,,
INDIGO-POJ-0058,investment3,INDIGO-ORG-0398,,,,,,,,,,,,,Development contribution (convertible loan),,
INDIGO-POJ-0058,investment4,INDIGO-ORG-0399,,,,,,,,,,,,,Equity and debt,,
INDIGO-POJ-0059,investment1,INDIGO-ORG-0721,,USD,,110000,,,110000,,,,,,Grant,,
INDIGO-POJ-0060,investment1,INDIGO-ORG-0357,,,,,,,,,,,,,,,
INDIGO-POJ-0060,investment2,INDIGO-ORG-0358,,,,,,,,,,,,,,,
INDIGO-POJ-0061,investment1,INDIGO-ORG-0357,,,,,,,,,,,,Some repayment (but below value of principle),,,"This project required about £683,700 which was £40,000 less than the initial budget. Investors were reimbursed approximately £646,370 for outcomes delivered (source6)"
INDIGO-POJ-0061,investment2,INDIGO-ORG-0933,,,,,,,,,,,,,,,
INDIGO-POJ-0062,investment1,INDIGO-ORG-0357,,,,,,,,,,,,,,,
INDIGO-POJ-0062,investment2,INDIGO-ORG-0174,,,,,,,,,,,,,,,
INDIGO-POJ-0063,investment1,INDIGO-ORG-0357,,EUR,,125000,,,138633.3473,,,,,,,,
INDIGO-POJ-0064,investment1,INDIGO-ORG-0451,,EUR,,104859,,,117508.6215,,,,,,,,
INDIGO-POJ-0065,investment1,INDIGO-ORG-0357,,,,,,,,,,,,,,,
INDIGO-POJ-0065,investment2,INDIGO-ORG-0900,,,,,,,,,,,,,,,
INDIGO-POJ-0066,investment1,INDIGO-ORG-0159,,,,,,,,,,,,,,,
INDIGO-POJ-0066,investment2,INDIGO-ORG-0160,,,,,,,,,,,,,,,
INDIGO-POJ-0067,investment1,INDIGO-ORG-0159,,,,,,,,,,,,,,,
INDIGO-POJ-0067,investment2,INDIGO-ORG-0160,,,,,,,,,,,,,,,
INDIGO-POJ-0068,investment1,INDIGO-ORG-0159,,,,,,,,,,,,,,,
INDIGO-POJ-0068,investment2,INDIGO-ORG-1210,,,,,,,,,,,,,,,
INDIGO-POJ-0069,investment1,INDIGO-ORG-0174,,,,,,,,,,,,,,,
INDIGO-POJ-0069,investment2,INDIGO-ORG-0978,,,,,,,,,,,,,,,
INDIGO-POJ-0070,investment1,INDIGO-ORG-0160,,EUR,,248356,,,293153.9133,,,,,,,,
INDIGO-POJ-0071,investment1,INDIGO-ORG-0160,,EUR,,279713,,,330167.0205,,,,,,,,
INDIGO-POJ-0072,investment1,INDIGO-ORG-1027,,EUR,,270400,,,319174.1619,,,,,,,,
INDIGO-POJ-0073,investment1,INDIGO-ORG-0066,,,,,,,,,,,,,Debt,,
INDIGO-POJ-0073,investment2,INDIGO-ORG-0067,,,,,,,,,,,,,Debt,,
INDIGO-POJ-0073,investment3,INDIGO-ORG-0068,,,,,,,,,,,,,Debt,,
INDIGO-POJ-0074,investment1,INDIGO-ORG-0911,,,,,,,,,,,,,Commercial (Subordinate),,
INDIGO-POJ-0074,investment2,INDIGO-ORG-0066,,,,,,,,,,,,,First Loss,,
INDIGO-POJ-0074,investment3,INDIGO-ORG-0913,,,,,,,,,,,,,Capital Preservation (Senior),,
INDIGO-POJ-0074,investment4,INDIGO-ORG-0914,,,,,,,,,,,,,Commercial (Subordinate),,
INDIGO-POJ-0074,investment5,INDIGO-ORG-0915,,,,,,,,,,,,,First Loss,,
INDIGO-POJ-0075,,INDIGO-ORG-1175,Foundation/Philanthropist,,,,,,,,,,,,,,"Apart from these investors, the Haebom project is the world's first SIB business to link crowdfunding. More than 60 small investors were part of the crowdfunding effort. "
INDIGO-POJ-0075,,INDIGO-ORG-1176,Foundation/Philanthropist,,,,,,,,,,,,,,
INDIGO-POJ-0076,investment1,INDIGO-ORG-0405,,,,,,,,,,,,,,,
INDIGO-POJ-0076,investment2,INDIGO-ORG-0406,,,,,,,,,,,,,,,
INDIGO-POJ-0076,investment3,INDIGO-ORG-0407,,,,,,,,,,,,,,,
INDIGO-POJ-0077,investment1,INDIGO-ORG-0758,,Swedish,,10000000,,,1167952.55,,,,,,,,
INDIGO-POJ-0078,investment1,INDIGO-ORG-0083,,Swiss Francs,,2700000,,,2805540.716,,,,,,,,
INDIGO-POJ-0079,investment1,INDIGO-ORG-0527,,Russian rubles,,60000000,,,926653.4693,,,,,,,,
INDIGO-POJ-0080,investment1,INDIGO-ORG-0078,,AED,,2000000,,,544588.1552,,,,,,,,
INDIGO-POJ-0081,investment1,INDIGO-ORG-0015,,AUD,,6000000,,,4598553.638,,,,,,,,
INDIGO-POJ-0082,investment1,INDIGO-ORG-0419,,,,,,,,,,,,,senior loan,,
INDIGO-POJ-0082,investment2,INDIGO-ORG-0237,,,,,,,,,,,,,subordinate loan,,
INDIGO-POJ-0083,investment1,INDIGO-ORG-0419,,USD,,7200000,,,7200000,,,,,,senior loan,,
INDIGO-POJ-0084,investment1,INDIGO-ORG-0945,,,,,,,,,,,,,,,
INDIGO-POJ-0084,investment2,INDIGO-ORG-0946,,,,,,,,,,,,,,,
INDIGO-POJ-0084,investment3,INDIGO-ORG-0874,,,,,,,,,,,,,,,
INDIGO-POJ-0085,investment1,INDIGO-ORG-0419,,,,,,,,,,,,,senior loan,,
INDIGO-POJ-0085,investment2,INDIGO-ORG-0420,,,,,,,,,,,,,subordinate loan,,
INDIGO-POJ-0085,investment3,INDIGO-ORG-0310,,,,,,,,,,,,,subordinate loan,,
INDIGO-POJ-0085,investment4,INDIGO-ORG-0110,,,,,,,,,,,,,Recyclable grants,,
INDIGO-POJ-0085,investment5,INDIGO-ORG-0421,,,,,,,,,,,,,Recyclable grants,,
INDIGO-POJ-0085,investment6,INDIGO-ORG-0422,,,,,,,,,,,,,Recyclable grants,,
INDIGO-POJ-0086,investment1,INDIGO-ORG-0419,,,,,,,,,,,,,Senior debt,,
INDIGO-POJ-0086,investment2,INDIGO-ORG-0097,,,,,,,,,,,,,Senior debt,,
INDIGO-POJ-0086,investment3,INDIGO-ORG-0621,,,,,,,,,,,,,Subordinate debt,,
INDIGO-POJ-0087,investment1,INDIGO-ORG-0099,,,,,,,,,,,,,senior loan,,
INDIGO-POJ-0087,investment2,INDIGO-ORG-0959,,,,,,,,,,,,,subordinate loan,,
INDIGO-POJ-0087,investment3,INDIGO-ORG-0111,,,,,,,,,,,,,subordinate loan,,
INDIGO-POJ-0087,investment4,INDIGO-ORG-0960,,,,,,,,,,,,,subordinate loan,,
INDIGO-POJ-0087,investment5,INDIGO-ORG-0961,,,,,,,,,,,,,subordinate loan,,
INDIGO-POJ-0088,investment1,INDIGO-ORG-0668,,,,,,,,,,,,,loan,,
INDIGO-POJ-0088,investment2,INDIGO-ORG-0480,,,,,,,,,,,,,loan,,
INDIGO-POJ-0088,investment3,INDIGO-ORG-0665,,,,,,,,,,,,,loan,,
INDIGO-POJ-0089,investment1,INDIGO-ORG-0477,,,,,,,,,,,,,subordinate loan,,
INDIGO-POJ-0089,investment2,INDIGO-ORG-0478,,,,,,,,,,,,,subordinate loan,,
INDIGO-POJ-0089,investment3,INDIGO-ORG-0479,,,,,,,,,,,,,subordinate loan,,
INDIGO-POJ-0089,investment4,INDIGO-ORG-0099,,,,,,,,,,,,,senior loan,,
INDIGO-POJ-0089,investment5,INDIGO-ORG-0480,,,,,,,,,,,,,senior loan,,
INDIGO-POJ-0089,investment6,INDIGO-ORG-0481,,,,,,,,,,,,,subordinate loan,,
INDIGO-POJ-0089,investment7,INDIGO-ORG-0468,,,,,,,,,,,,,deferred services,,
INDIGO-POJ-0090,investment1,INDIGO-ORG-0860,,,,,,,,,,,,,philanthropic investment,,
INDIGO-POJ-0090,investment2,INDIGO-ORG-0861,,,,,,,,,,,,,philanthropic investment,,
INDIGO-POJ-0090,investment3,INDIGO-ORG-0862,,,,,,,,,,,,,philanthropic investment,,
INDIGO-POJ-0090,investment4,INDIGO-ORG-0863,,,,,,,,,,,,,philanthropic investment,,
INDIGO-POJ-0090,investment5,INDIGO-ORG-0110,,,,,,,,,,,,,philanthropic investment,,
INDIGO-POJ-0090,investment6,INDIGO-ORG-0864,,,,,,,,,,,,,philanthropic investment,,
INDIGO-POJ-0091,investment1,INDIGO-ORG-0110,,,,,,,,,,,,,senior loan (jail bed outcome) ,,
INDIGO-POJ-0091,investment2,INDIGO-ORG-0562,,,,,,,,,,,,,senior loan (jail bed outcome) ,,
INDIGO-POJ-0091,investment3,INDIGO-ORG-0111,,,,,,,,,,,,,senior loan (jail bed outcome) ,,
INDIGO-POJ-0091,investment4,INDIGO-ORG-0563,,,,,,,,,,,,,senior loan (jail bed outcome) ,,
INDIGO-POJ-0091,investment5,INDIGO-ORG-0564,,,,,,,,,,,,,senior loan (jail bed outcome) ,,
INDIGO-POJ-0091,investment6,INDIGO-ORG-0167,,,,,,,,,,,,,senior loan (housing stability),,
INDIGO-POJ-0091,investment7,INDIGO-ORG-0565,,,,,,,,,,,,,senior loan (housing stability),,
INDIGO-POJ-0091,investment8,INDIGO-ORG-0566,,,,,,,,,,,,,senior loan (housing stability),,
INDIGO-POJ-0092,investment1,INDIGO-ORG-0520,,,,,,,,,,,,,,,
INDIGO-POJ-0092,investment2,INDIGO-ORG-0521,,,,,,,,,,,,,,,
INDIGO-POJ-0092,investment3,INDIGO-ORG-0522,,,,,,,,,,,,,,,
INDIGO-POJ-0092,investment4,INDIGO-ORG-0511,,,,,,,,,,,,,,,
INDIGO-POJ-0093,investment1,INDIGO-ORG-0018,,,,,,,,,,,,,,,
INDIGO-POJ-0093,investment2,INDIGO-ORG-0009,,,,,,,,,,,,,,,
INDIGO-POJ-0093,investment3,INDIGO-ORG-0099,,,,,,,,,,,,,,,
INDIGO-POJ-0093,investment4,INDIGO-ORG-0109,,,,,,,,,,,,,,,
INDIGO-POJ-0093,investment5,INDIGO-ORG-0110,,,,,,,,,,,,,,,
INDIGO-POJ-0093,investment6,INDIGO-ORG-0111,,,,,,,,,,,,,,,
INDIGO-POJ-0093,investment7,INDIGO-ORG-0112,,,,,,,,,,,,,,,
INDIGO-POJ-0094,investment1,INDIGO-ORG-0419,,,,,,,,,,,,,risk share payment in case of underperformance,,risk share payment in case of underperformance
INDIGO-POJ-0094,investment2,INDIGO-ORG-0334,,,,,,,,,,,,,risk share payment in case of underperformance,,risk share payment in case of underperformance
INDIGO-POJ-0095,investment1,INDIGO-ORG-0097,,,,,,,,,,,,,senior loan,,
INDIGO-POJ-0095,investment2,INDIGO-ORG-0098,,,,,,,,,,,,,senior loan,,
INDIGO-POJ-0095,investment3,INDIGO-ORG-0009,,,,,,,,,,,,,senior loan,,
INDIGO-POJ-0095,investment4,INDIGO-ORG-0100,,,,,,,,,,,,,subordinate loan,,
INDIGO-POJ-0095,investment5,INDIGO-ORG-0101,,,,,,,,,,,,,subordinate loan,,
INDIGO-POJ-0095,investment6,INDIGO-ORG-0310,,,,,,,,,,,,,subordinate loan,,
INDIGO-POJ-0096,investment1,INDIGO-ORG-0097,,,,,,,,,,,,,senior loan,,
INDIGO-POJ-0096,investment2,INDIGO-ORG-0098,,,,,,,,,,,,,senior loan,,
INDIGO-POJ-0096,investment3,INDIGO-ORG-0009,,,,,,,,,,,,,senior loan,,
INDIGO-POJ-0096,investment4,INDIGO-ORG-0099,,,,,,,,,,,,,senior loan,,
INDIGO-POJ-0096,investment5,INDIGO-ORG-0100,,,,,,,,,,,,,subordinate loan,,
INDIGO-POJ-0096,investment6,INDIGO-ORG-0101,,,,,,,,,,,,,subordinate loan,,
INDIGO-POJ-0097,investment1,INDIGO-ORG-0562,,,,,,,,,,,,,,,
INDIGO-POJ-0097,investment2,INDIGO-ORG-0877,,,,,,,,,,,,,,,
INDIGO-POJ-0097,investment3,INDIGO-ORG-0878,,,,,,,,,,,,,,,
INDIGO-POJ-0097,investment4,INDIGO-ORG-0879,,,,,,,,,,,,,,,
INDIGO-POJ-0097,investment5,INDIGO-ORG-0880,,,,,,,,,,,,,,,
INDIGO-POJ-0097,investment6,INDIGO-ORG-0422,,,,,,,,,,,,,,,
INDIGO-POJ-0097,investment7,INDIGO-ORG-0881,,,,,,,,,,,,,,,
INDIGO-POJ-0097,investment8,INDIGO-ORG-0882,,,,,,,,,,,,,,,
INDIGO-POJ-0097,investment9,INDIGO-ORG-0883,,,,,,,,,,,,,,,
INDIGO-POJ-0097,investment10,INDIGO-ORG-0884,,,,,,,,,,,,,,,
INDIGO-POJ-0097,investment11,INDIGO-ORG-0885,,,,,,,,,,,,,,,
INDIGO-POJ-0097,investment12,INDIGO-ORG-0100,,,,,,,,,,,,,,,
INDIGO-POJ-0098,investment1,INDIGO-ORG-0038,,,,,,,,,,,,,,,
INDIGO-POJ-0099,investment1,INDIGO-ORG-1036,,,,,,,,,,,,,senior loan,,
INDIGO-POJ-0099,investment2,INDIGO-ORG-1037,,,,,,,,,,,,,subordinate loan,,
INDIGO-POJ-0100,investment1,INDIGO-ORG-0929,,USD,,9000000,,,9000000,,,,,,philanthropic investment,,
INDIGO-POJ-0101,investment1,INDIGO-ORG-0099,,,,,,,,,,,,,senior loan,,
INDIGO-POJ-0101,investment2,INDIGO-ORG-0111,,,,,,,,,,,,,senior loan,,
INDIGO-POJ-0101,investment3,INDIGO-ORG-0629,,,,,,,,,,,,,senior loan,,
INDIGO-POJ-0101,investment4,INDIGO-ORG-0856,,,,,,,,,,,,,deferred fees,,
INDIGO-POJ-0101,investment5,INDIGO-ORG-0622,,,,,,,,,,,,,deferres fees,,
INDIGO-POJ-0102,investment1,INDIGO-ORG-0481,,,,,,,,,,,,,,,
INDIGO-POJ-0102,investment2,INDIGO-ORG-0611,,,,,,,,,,,,,,,
INDIGO-POJ-0103,investment1,INDIGO-ORG-0891,,USD,,450000,,,450000,,,,,,philanthropic investment,,
INDIGO-POJ-0104,investment1,INDIGO-ORG-0018,,,,,,,,,,,,,,,
INDIGO-POJ-0104,investment2,INDIGO-ORG-0097,,,,,,,,,,,,,,,
INDIGO-POJ-0104,investment3,INDIGO-ORG-0302,,,,,,,,,,,,,,,
INDIGO-POJ-0104,investment4,INDIGO-ORG-0303,,,,,,,,,,,,,,,
INDIGO-POJ-0104,investment5,INDIGO-ORG-0304,,,,,,,,,,,,,,,
INDIGO-POJ-0105,investment1,INDIGO-ORG-0294,,USD,,790000,,,790000,,,,,,loan,,
INDIGO-POJ-0106,investment1,INDIGO-ORG-0097,,,,,,,,,,,,,,,
INDIGO-POJ-0106,investment2,INDIGO-ORG-0680,,,,,,,,,,,,,,,
INDIGO-POJ-0106,investment3,INDIGO-ORG-0681,,,,,,,,,,,,,,,
INDIGO-POJ-0107,investment1,INDIGO-ORG-0166,,,,,,,,,,,,,,,
INDIGO-POJ-0107,investment2,INDIGO-ORG-0167,,,,,,,,,,,,,,,
INDIGO-POJ-0108,investment1,INDIGO-ORG-0263,,USD,,142000,,,142000,,,,,,,,
INDIGO-POJ-0111,investment1,INDIGO-ORG-0049,,,,,,,,,,,,,,,
INDIGO-POJ-0111,investment2,INDIGO-ORG-0547,,,,,,,,,,,,,,,
INDIGO-POJ-0111,investment3,INDIGO-ORG-1222,,,,,,,,,,,,,,,
INDIGO-POJ-0111,investment4,INDIGO-ORG-0641,,,,,,,,,,,,,,,
INDIGO-POJ-0111,investment5,INDIGO-ORG-0303,,,,,,,,,,,,,,,
INDIGO-POJ-0111,investment6,INDIGO-ORG-1307,,,,,,,,,,,,,,,
INDIGO-POJ-0111,investment7,INDIGO-ORG-1221,,,,,,,,,,,,,,,
INDIGO-POJ-0111,investment8,INDIGO-ORG-1308,,,,,,,,,,,,,,,
INDIGO-POJ-0111,investment9,INDIGO-ORG-1309,,,,,,,,,,,,,,,
INDIGO-POJ-0111,investment10,INDIGO-ORG-0690,,,,,,,,,,,,,,,
INDIGO-POJ-0112,investment1,INDIGO-ORG-0538,,GBP,,500000,,,643519.9554,,,,,,,,
INDIGO-POJ-0113,investment1,INDIGO-ORG-0146,,,,,,,,,,,,,,,
INDIGO-POJ-0113,investment2,INDIGO-ORG-0186,,,,,,,,,,,,,,,
INDIGO-POJ-0113,investment3,INDIGO-ORG-0008,,GBP,,200000,,,,,,,,,,,
INDIGO-POJ-0113,investment4,INDIGO-ORG-1205,,,,,,,,,,,,,,,
INDIGO-POJ-0114,investment1,INDIGO-ORG-1547,,,,,,,,,,,,,,,
INDIGO-POJ-0116,investment1,INDIGO-ORG-0049,,,,,,,,,,,,,,,
INDIGO-POJ-0116,investment2,INDIGO-ORG-0547,,,,,,,,,,,,,,,
INDIGO-POJ-0116,investment3,INDIGO-ORG-1306,,,,,,,,,,,,,,,
INDIGO-POJ-0116,investment4,INDIGO-ORG-1222,,,,,,,,,,,,,,,
INDIGO-POJ-0116,investment5,INDIGO-ORG-0641,,,,,,,,,,,,,,,
INDIGO-POJ-0116,investment6,INDIGO-ORG-0303,,,,,,,,,,,,,,,
INDIGO-POJ-0116,investment7,INDIGO-ORG-1307,,,,,,,,,,,,,,,
INDIGO-POJ-0116,investment8,INDIGO-ORG-1221,,,,,,,,,,,,,,,
INDIGO-POJ-0116,investment9,INDIGO-ORG-1308,,,,,,,,,,,,,,,
INDIGO-POJ-0116,investment10,INDIGO-ORG-1309,,,,,,,,,,,,,,,
INDIGO-POJ-0117,investment1,INDIGO-ORG-0049,,,,,,,,,,,,,,,
INDIGO-POJ-0117,investment2,INDIGO-ORG-0547,,,,,,,,,,,,,,,
INDIGO-POJ-0117,investment3,INDIGO-ORG-1306,,,,,,,,,,,,,,,
INDIGO-POJ-0117,investment4,INDIGO-ORG-1222,,,,,,,,,,,,,,,
INDIGO-POJ-0117,investment5,INDIGO-ORG-0641,,,,,,,,,,,,,,,
INDIGO-POJ-0117,investment6,INDIGO-ORG-0303,,,,,,,,,,,,,,,
INDIGO-POJ-0117,investment7,INDIGO-ORG-1307,,,,,,,,,,,,,,,
INDIGO-POJ-0117,investment8,INDIGO-ORG-1221,,,,,,,,,,,,,,,
INDIGO-POJ-0117,investment9,INDIGO-ORG-1308,,,,,,,,,,,,,,,
INDIGO-POJ-0117,investment10,INDIGO-ORG-1309,,,,,,,,,,,,,,,
INDIGO-POJ-0118,investment1,INDIGO-ORG-0008,,,,,,,,,,,,,,,
INDIGO-POJ-0119,investment1,INDIGO-ORG-0322,,,,,,,,,,,,,,,
INDIGO-POJ-0119,investment2,INDIGO-ORG-0059,,,,,,,,,,,,,,,
INDIGO-POJ-0119,investment3,INDIGO-ORG-0324,,,,,,,,,,,,,,,
INDIGO-POJ-0120,investment1,INDIGO-ORG-1304,,,,,,,,,,,,,,,
INDIGO-POJ-0120,investment2,INDIGO-ORG-0268,,,,,,,,,,,,,,,
INDIGO-POJ-0120,investment3,INDIGO-ORG-1305,,,,,,,,,,,,,,,
INDIGO-POJ-0120,investment4,INDIGO-ORG-0049,,,,,,,,,,,,,,,
INDIGO-POJ-0120,investment5,INDIGO-ORG-0547,,,,,,,,,,,,,,,
INDIGO-POJ-0120,investment6,INDIGO-ORG-1306,,,,,,,,,,,,,,,
INDIGO-POJ-0120,investment7,INDIGO-ORG-1222,,,,,,,,,,,,,,,
INDIGO-POJ-0120,investment8,INDIGO-ORG-0641,,,,,,,,,,,,,,,
INDIGO-POJ-0120,investment9,INDIGO-ORG-0303,,,,,,,,,,,,,,,
INDIGO-POJ-0120,investment10,INDIGO-ORG-1307,,,,,,,,,,,,,,,
INDIGO-POJ-0120,investment11,INDIGO-ORG-1221,,,,,,,,,,,,,,,
INDIGO-POJ-0120,investment12,INDIGO-ORG-1308,,,,,,,,,,,,,,,
INDIGO-POJ-0120,investment13,INDIGO-ORG-1309,,,,,,,,,,,,,,,
INDIGO-POJ-0120,investment14,INDIGO-ORG-1295,,,,,,,,,,,,,,,
INDIGO-POJ-0121,investment1,INDIGO-ORG-0049,,,,,,,,,,,,,,,
INDIGO-POJ-0121,investment2,INDIGO-ORG-0547,,,,,,,,,,,,,,,
INDIGO-POJ-0121,investment3,INDIGO-ORG-1306,,,,,,,,,,,,,,,
INDIGO-POJ-0121,investment4,INDIGO-ORG-1222,,,,,,,,,,,,,,,
INDIGO-POJ-0121,investment5,INDIGO-ORG-0641,,,,,,,,,,,,,,,
INDIGO-POJ-0121,investment6,INDIGO-ORG-0303,,,,,,,,,,,,,,,
INDIGO-POJ-0121,investment7,INDIGO-ORG-1307,,,,,,,,,,,,,,,
INDIGO-POJ-0121,investment8,INDIGO-ORG-1221,,,,,,,,,,,,,,,
INDIGO-POJ-0121,investment9,INDIGO-ORG-1308,,,,,,,,,,,,,,,
INDIGO-POJ-0121,investment10,INDIGO-ORG-1309,,,,,,,,,,,,,,,
INDIGO-POJ-0123,investment1,INDIGO-ORG-0008,,,,,,,,,,,,,,,
INDIGO-POJ-0123,investment2,INDIGO-ORG-0001,,,,,,,,,,,,,,,
INDIGO-POJ-0124,investment1,INDIGO-ORG-0008,,,,,,,,,,,,,,,
INDIGO-POJ-0126,investment1,INDIGO-ORG-0049,,,,,,,,,,,,,,,
INDIGO-POJ-0126,investment2,INDIGO-ORG-0547,,,,,,,,,,,,,,,
INDIGO-POJ-0126,investment3,INDIGO-ORG-1306,,,,,,,,,,,,,,,
INDIGO-POJ-0126,investment4,INDIGO-ORG-1222,,,,,,,,,,,,,,,
INDIGO-POJ-0126,investment5,INDIGO-ORG-0641,,,,,,,,,,,,,,,
INDIGO-POJ-0126,investment6,INDIGO-ORG-0303,,,,,,,,,,,,,,,
INDIGO-POJ-0126,investment7,INDIGO-ORG-1307,,,,,,,,,,,,,,,
INDIGO-POJ-0126,investment8,INDIGO-ORG-1221,,,,,,,,,,,,,,,
INDIGO-POJ-0126,investment9,INDIGO-ORG-1308,,,,,,,,,,,,,,,
INDIGO-POJ-0126,investment10,INDIGO-ORG-1309,,,,,,,,,,,,,,,
INDIGO-POJ-0127,investment1,INDIGO-ORG-0049,,,,,,,,,,,,,,,
INDIGO-POJ-0127,investment2,INDIGO-ORG-0547,,,,,,,,,,,,,,,
INDIGO-POJ-0127,investment3,INDIGO-ORG-1306,,,,,,,,,,,,,,,
INDIGO-POJ-0127,investment4,INDIGO-ORG-1222,,,,,,,,,,,,,,,
INDIGO-POJ-0127,investment5,INDIGO-ORG-0641,,,,,,,,,,,,,,,
INDIGO-POJ-0127,investment6,INDIGO-ORG-0303,,,,,,,,,,,,,,,
INDIGO-POJ-0127,investment7,INDIGO-ORG-1307,,,,,,,,,,,,,,,
INDIGO-POJ-0127,investment8,INDIGO-ORG-1221,,,,,,,,,,,,,,,
INDIGO-POJ-0127,investment9,INDIGO-ORG-1308,,,,,,,,,,,,,,,
INDIGO-POJ-0127,investment10,INDIGO-ORG-1309,,,,,,,,,,,,,,,
INDIGO-POJ-0128,investment1,INDIGO-ORG-0049,,,,,,,,,,,,,,,
INDIGO-POJ-0128,investment2,INDIGO-ORG-0547,,,,,,,,,,,,,,,
INDIGO-POJ-0128,investment3,INDIGO-ORG-1306,,,,,,,,,,,,,,,
INDIGO-POJ-0128,investment4,INDIGO-ORG-1222,,,,,,,,,,,,,,,
INDIGO-POJ-0128,investment5,INDIGO-ORG-0641,,,,,,,,,,,,,,,
INDIGO-POJ-0128,investment6,INDIGO-ORG-0303,,,,,,,,,,,,,,,
INDIGO-POJ-0128,investment7,INDIGO-ORG-1307,,,,,,,,,,,,,,,
INDIGO-POJ-0128,investment8,INDIGO-ORG-1221,,,,,,,,,,,,,,,
INDIGO-POJ-0128,investment9,INDIGO-ORG-1308,,,,,,,,,,,,,,,
INDIGO-POJ-0128,investment10,INDIGO-ORG-1309,,,,,,,,,,,,,,,
INDIGO-POJ-0129,investment1,INDIGO-ORG-1547,,,,,,,,,,,,,,,
INDIGO-POJ-0130,investment1,INDIGO-ORG-1304,,,,,,,,,,,,,,,
INDIGO-POJ-0130,investment2,INDIGO-ORG-0268,,,,,,,,,,,,,,,
INDIGO-POJ-0130,investment3,INDIGO-ORG-1305,,,,,,,,,,,,,,,
INDIGO-POJ-0130,investment4,INDIGO-ORG-1295,,,,,,,,,,,,,,,
INDIGO-POJ-0130,investment5,INDIGO-ORG-0049,,,,,,,,,,,,,,,
INDIGO-POJ-0130,investment6,INDIGO-ORG-0266,,,,,,,,,,,,,,,
INDIGO-POJ-0130,investment7,INDIGO-ORG-0132,,,,,,,,,,,,,,,
INDIGO-POJ-0130,investment8,INDIGO-ORG-0269,,,,,,,,,,,,,,,
INDIGO-POJ-0130,investment9,INDIGO-ORG-0270,,,,,,,,,,,,,,,
INDIGO-POJ-0130,investment10,INDIGO-ORG-0271,,,,,,,,,,,,,,,
INDIGO-POJ-0131,investment1,INDIGO-ORG-0008,,,,,,,,,,,,,Quasi-equity,,
INDIGO-POJ-0131,investment2,INDIGO-ORG-0007,,,,,,,,,,,,,Quasi-equity,,
INDIGO-POJ-0131,investment3,INDIGO-ORG-0172,,,,,,,,,,,,,Quasi-equity,,
INDIGO-POJ-0131,investment4,INDIGO-ORG-0084,,,,,,,,,,,,,Quasi-equity,,
INDIGO-POJ-0131,investment5,INDIGO-ORG-0169,,,,,,,,,,,,,Quasi-equity,,
INDIGO-POJ-0131,investment6,INDIGO-ORG-0170,,,,,,,,,,,,,Quasi-equity,,
INDIGO-POJ-0132,investment1,INDIGO-ORG-0132,,,,,,,,,,,,,Quasi-equity,,
INDIGO-POJ-0132,investment2,INDIGO-ORG-1039,,,,,,,,,,,,,Quasi-equity,,
INDIGO-POJ-0132,investment3,INDIGO-ORG-0084,,,,,,,,,,,,,Quasi-equity,,
INDIGO-POJ-0132,investment4,INDIGO-ORG-1038,,,,,,,,,,,,,Quasi-equity,,
INDIGO-POJ-0133,investment1,INDIGO-ORG-0010,,,,,,,,,,,,,Quasi-equity,,
INDIGO-POJ-0133,investment2,INDIGO-ORG-0008,,,,,,,,,,,,,,,
INDIGO-POJ-0133,investment3,INDIGO-ORG-1304,,,,,,,,,,,,,Quasi-equity,,
INDIGO-POJ-0133,investment4,INDIGO-ORG-0268,,,,,,,,,,,,,,,
INDIGO-POJ-0133,investment5,INDIGO-ORG-1305,,,,,,,,,,,,,,,
INDIGO-POJ-0133,investment6,INDIGO-ORG-0049,,,,,,,,,,,,,,,
INDIGO-POJ-0133,investment7,INDIGO-ORG-0547,,,,,,,,,,,,,,,
INDIGO-POJ-0133,investment8,INDIGO-ORG-1306,,,,,,,,,,,,,,,
INDIGO-POJ-0133,investment9,INDIGO-ORG-1222,,,,,,,,,,,,,,,
INDIGO-POJ-0133,investment10,INDIGO-ORG-0641,,,,,,,,,,,,,,,
INDIGO-POJ-0133,investment11,INDIGO-ORG-0303,,,,,,,,,,,,,,,
INDIGO-POJ-0133,investment12,INDIGO-ORG-1307,,,,,,,,,,,,,,,
INDIGO-POJ-0133,investment13,INDIGO-ORG-1221,,,,,,,,,,,,,,,
INDIGO-POJ-0133,investment14,INDIGO-ORG-1308,,,,,,,,,,,,,,,
INDIGO-POJ-0133,investment15,INDIGO-ORG-1309,,,,,,,,,,,,,,,
INDIGO-POJ-0133,investment16,INDIGO-ORG-1295,,,,,,,,,,,,,,,
INDIGO-POJ-0134,investment1,INDIGO-ORG-0007,,,,,,,,,,,,,,,
INDIGO-POJ-0134,investment2,INDIGO-ORG-1304,,,,,,,,,,,,,,,
INDIGO-POJ-0134,investment3,INDIGO-ORG-0268,,,,,,,,,,,,,,,
INDIGO-POJ-0134,investment4,INDIGO-ORG-1305,,,,,,,,,,,,,,,
INDIGO-POJ-0134,investment5,INDIGO-ORG-0049,,,,,,,,,,,,,,,
INDIGO-POJ-0134,investment6,INDIGO-ORG-0547,,,,,,,,,,,,,,,
INDIGO-POJ-0134,investment7,INDIGO-ORG-1306,,,,,,,,,,,,,,,
INDIGO-POJ-0134,investment8,INDIGO-ORG-1222,,,,,,,,,,,,,,,
INDIGO-POJ-0134,investment9,INDIGO-ORG-0641,,,,,,,,,,,,,,,
INDIGO-POJ-0134,investment10,INDIGO-ORG-0303,,,,,,,,,,,,,,,
INDIGO-POJ-0134,investment11,INDIGO-ORG-1307,,,,,,,,,,,,,,,
INDIGO-POJ-0134,investment12,INDIGO-ORG-1221,,,,,,,,,,,,,,,
INDIGO-POJ-0134,investment13,INDIGO-ORG-1308,,,,,,,,,,,,,,,
INDIGO-POJ-0134,investment14,INDIGO-ORG-1309,,,,,,,,,,,,,,,
INDIGO-POJ-0134,investment15,INDIGO-ORG-1295,,,,,,,,,,,,,,,
INDIGO-POJ-0135,investment1,INDIGO-ORG-0381,,,,,,,,,,,,,Quasi-equity,,
INDIGO-POJ-0135,investment2,INDIGO-ORG-0374,,,,,,,,,,,,,,,
INDIGO-POJ-0136,investment1,INDIGO-ORG-0007,,,,,,,,,,,,,Quasi-equity,,
INDIGO-POJ-0136,investment2,INDIGO-ORG-0008,,,,,,,,,,,,,Quasi-equity,,
INDIGO-POJ-0136,investment3,INDIGO-ORG-0049,,,,,,,,,,,,,Quasi-equity,,
INDIGO-POJ-0137,investment1,INDIGO-ORG-0010,,,,,,,,,,,,,,,
INDIGO-POJ-0137,investment2,INDIGO-ORG-0132,,,,,,,,,,,,,,,
INDIGO-POJ-0137,investment3,INDIGO-ORG-0007,,,,,,,,,,,,,Loan,,
INDIGO-POJ-0137,investment4,INDIGO-ORG-0008,,,,,,,,,,,,,,,
INDIGO-POJ-0137,investment5,INDIGO-ORG-0266,,,,,,,,,,,,,Quasi-equity,,
INDIGO-POJ-0137,investment6,INDIGO-ORG-1304,,,,,,,,,,,,,,,
INDIGO-POJ-0137,investment7,INDIGO-ORG-0268,,,,,,,,,,,,,,,
INDIGO-POJ-0137,investment8,INDIGO-ORG-1305,,,,,,,,,,,,,,,
INDIGO-POJ-0137,investment9,INDIGO-ORG-0049,,,,,,,,,,,,,,,
INDIGO-POJ-0137,investment10,INDIGO-ORG-0547,,,,,,,,,,,,,,,
INDIGO-POJ-0137,investment11,INDIGO-ORG-1306,,,,,,,,,,,,,,,
INDIGO-POJ-0137,investment12,INDIGO-ORG-1222,,,,,,,,,,,,,,,
INDIGO-POJ-0137,investment13,INDIGO-ORG-0641,,,,,,,,,,,,,,,
INDIGO-POJ-0137,investment14,INDIGO-ORG-0303,,,,,,,,,,,,,,,
INDIGO-POJ-0137,investment15,INDIGO-ORG-1307,,,,,,,,,,,,,,,
INDIGO-POJ-0137,investment16,INDIGO-ORG-1221,,,,,,,,,,,,,,,
INDIGO-POJ-0137,investment17,INDIGO-ORG-1308,,,,,,,,,,,,,,,
INDIGO-POJ-0137,investment18,INDIGO-ORG-1309,,,,,,,,,,,,,,,
INDIGO-POJ-0137,investment19,INDIGO-ORG-1295,,,,,,,,,,,,,,,
INDIGO-POJ-0137,investment20,INDIGO-ORG-1221,,,,,,,,,,,,,,,
INDIGO-POJ-0137,investment21,INDIGO-ORG-1308,,,,,,,,,,,,,,,
INDIGO-POJ-0137,investment22,INDIGO-ORG-1309,,,,,,,,,,,,,,,
INDIGO-POJ-0137,investment23,INDIGO-ORG-1295,,,,,,,,,,,,,,,
INDIGO-POJ-0138,investment1,INDIGO-ORG-0373,,GBP,,3000000,,,4738984.709,,,,,,,,
INDIGO-POJ-0139,investment1,INDIGO-ORG-0483,,,,,,,,,,,,,,,
INDIGO-POJ-0139,investment2,INDIGO-ORG-0049,,,,,,,,,,,,,,,
INDIGO-POJ-0140,investment1,INDIGO-ORG-0266,,,,,,,,,,,,,,,
INDIGO-POJ-0140,investment2,INDIGO-ORG-0798,,,,,,,,,,,,,,,
INDIGO-POJ-0140,investment3,INDIGO-ORG-0049,,,,,,,,,,,,,,,
INDIGO-POJ-0140,investment4,INDIGO-ORG-0799,,,,,,,,,,,,,,,
INDIGO-POJ-0140,investment5,INDIGO-ORG-0800,,,,,,,,,,,,,,,
INDIGO-POJ-0140,investment6,INDIGO-ORG-0268,,,,,,,,,,,,,,,
INDIGO-POJ-0141,investment1,INDIGO-ORG-0289,,,,,,,,,,,,,,,
INDIGO-POJ-0141,investment2,INDIGO-ORG-1304,,,,,,,,,,,,,,,
INDIGO-POJ-0141,investment3,INDIGO-ORG-1295,,,,,,,,,,,,,,,
INDIGO-POJ-0141,investment4,INDIGO-ORG-0268,,,,,,,,,,,,,,,
INDIGO-POJ-0141,investment5,INDIGO-ORG-1305,,,,,,,,,,,,,,,
INDIGO-POJ-0142,investment1,INDIGO-ORG-0274,,,,,,,,,,,,,,,
INDIGO-POJ-0143,investment1,INDIGO-ORG-0049,,,,,,,,,,,,,,,
INDIGO-POJ-0143,investment2,INDIGO-ORG-1304,,,,,,,,,,,,,,,
INDIGO-POJ-0143,investment3,INDIGO-ORG-1295,,,,,,,,,,,,,,,
INDIGO-POJ-0143,investment4,INDIGO-ORG-0268,,,,,,,,,,,,,,,
INDIGO-POJ-0143,investment5,INDIGO-ORG-1305,,,,,,,,,,,,,,,
INDIGO-POJ-0144,investment1,INDIGO-ORG-0596,,GBP,,1700000,,,2685424.668,,,,,,,,
INDIGO-POJ-0145,investment1,INDIGO-ORG-0138,,,,,,,,,,,,,,,
INDIGO-POJ-0146,investment1,INDIGO-ORG-0266,,,,,,,,,,,,,,,
INDIGO-POJ-0146,investment2,INDIGO-ORG-0268,,,,,,,,,,,,,,,
INDIGO-POJ-0146,investment3,INDIGO-ORG-0132,,,,,,,,,,,,,,,
INDIGO-POJ-0146,investment4,INDIGO-ORG-0995,,,,,,,,,,,,,,,
INDIGO-POJ-0146,investment5,INDIGO-ORG-1304,,,,,,,,,,,,,,,
INDIGO-POJ-0146,investment6,INDIGO-ORG-1295,,,,,,,,,,,,,,,
INDIGO-POJ-0146,investment7,INDIGO-ORG-0268,,,,,,,,,,,,,,,
INDIGO-POJ-0146,investment8,INDIGO-ORG-1305,,,,,,,,,,,,,,,
INDIGO-POJ-0146,investment9,INDIGO-ORG-0049,,,,,,,,,,,,,,,
INDIGO-POJ-0146,investment10,INDIGO-ORG-0547,,,,,,,,,,,,,,,
INDIGO-POJ-0146,investment11,INDIGO-ORG-1306,,,,,,,,,,,,,,,
INDIGO-POJ-0146,investment12,INDIGO-ORG-1222,,,,,,,,,,,,,,,
INDIGO-POJ-0146,investment13,INDIGO-ORG-0641,,,,,,,,,,,,,,,
INDIGO-POJ-0146,investment14,INDIGO-ORG-0303,,,,,,,,,,,,,,,
INDIGO-POJ-0146,investment15,INDIGO-ORG-1307,,,,,,,,,,,,,,,
INDIGO-POJ-0146,investment16,INDIGO-ORG-1221,,,,,,,,,,,,,,,
INDIGO-POJ-0146,investment17,INDIGO-ORG-1308,,,,,,,,,,,,,,,
INDIGO-POJ-0146,investment18,INDIGO-ORG-1309,,,,,,,,,,,,,,,
INDIGO-POJ-0147,investment1,INDIGO-ORG-0049,,,,,,,,,,,,,,,
INDIGO-POJ-0147,investment2,INDIGO-ORG-0995,,,,,,,,,,,,,,,
INDIGO-POJ-0148,investment1,INDIGO-ORG-0132,,,,,,,,,,,,,Loan,,
INDIGO-POJ-0148,investment2,INDIGO-ORG-0704,,,,,,,,,,,,,Loan,,
INDIGO-POJ-0148,investment3,INDIGO-ORG-0127,,,,,,,,,,,,,Equity investment,,
INDIGO-POJ-0149,investment1,INDIGO-ORG-0008,,,,,,,,,,,,,Loan,,
INDIGO-POJ-0149,investment2,INDIGO-ORG-0433,,,,,,,,,,,,,Loan,,
INDIGO-POJ-0149,investment3,INDIGO-ORG-0431,,,,,,,,,,,,,Equity investment,,
INDIGO-POJ-0150,investment1,INDIGO-ORG-1304,,,,,,,,,,,,,,,
INDIGO-POJ-0150,investment2,INDIGO-ORG-1295,,,,,,,,,,,,,,,
INDIGO-POJ-0150,investment3,INDIGO-ORG-0268,,,,,,,,,,,,,,,
INDIGO-POJ-0150,investment4,INDIGO-ORG-1305,,,,,,,,,,,,,,,
INDIGO-POJ-0150,investment5,INDIGO-ORG-0049,,,,,,,,,,,,,,,
INDIGO-POJ-0150,investment6,INDIGO-ORG-0547,,,,,,,,,,,,,,,
INDIGO-POJ-0150,investment7,INDIGO-ORG-1306,,,,,,,,,,,,,,,
INDIGO-POJ-0150,investment8,INDIGO-ORG-1222,,,,,,,,,,,,,,,
INDIGO-POJ-0150,investment9,INDIGO-ORG-0641,,,,,,,,,,,,,,,
INDIGO-POJ-0150,investment10,INDIGO-ORG-0303,,,,,,,,,,,,,,,
INDIGO-POJ-0150,investment11,INDIGO-ORG-1307,,,,,,,,,,,,,,,
INDIGO-POJ-0150,investment12,INDIGO-ORG-1221,,,,,,,,,,,,,,,
INDIGO-POJ-0150,investment13,INDIGO-ORG-1308,,,,,,,,,,,,,,,
INDIGO-POJ-0150,investment14,INDIGO-ORG-1309,,,,,,,,,,,,,,,
INDIGO-POJ-0151,investment1,INDIGO-ORG-0049,,,,,,,,,,,,,,,
INDIGO-POJ-0151,investment2,INDIGO-ORG-0547,,,,,,,,,,,,,,,
INDIGO-POJ-0151,investment3,INDIGO-ORG-1306,,,,,,,,,,,,,,,
INDIGO-POJ-0151,investment4,INDIGO-ORG-1222,,,,,,,,,,,,,,,
INDIGO-POJ-0151,investment5,INDIGO-ORG-0641,,,,,,,,,,,,,,,
INDIGO-POJ-0151,investment6,INDIGO-ORG-0303,,,,,,,,,,,,,,,
INDIGO-POJ-0151,investment7,INDIGO-ORG-1307,,,,,,,,,,,,,,,
INDIGO-POJ-0151,investment8,INDIGO-ORG-1221,,,,,,,,,,,,,,,
INDIGO-POJ-0151,investment9,INDIGO-ORG-1308,,,,,,,,,,,,,,,
INDIGO-POJ-0151,investment10,INDIGO-ORG-1309,,,,,,,,,,,,,,,
INDIGO-POJ-0152,investment1,INDIGO-ORG-0008,,,,,,,,,,,,,,,
INDIGO-POJ-0152,investment2,INDIGO-ORG-0132,,,,,,,,,,,,,,,
INDIGO-POJ-0153,investment1,INDIGO-ORG-0266,,,,,,,,,,,,,,,
INDIGO-POJ-0153,investment2,INDIGO-ORG-0268,,,,,,,,,,,,,,,
INDIGO-POJ-0153,investment3,INDIGO-ORG-0636,,,,,,,,,,,,,,,
INDIGO-POJ-0153,investment4,INDIGO-ORG-0637,,,,,,,,,,,,,,,
INDIGO-POJ-0153,investment5,INDIGO-ORG-0638,,,,,,,,,,,,,,,
INDIGO-POJ-0153,investment6,INDIGO-ORG-0639,,,,,,,,,,,,,,,
INDIGO-POJ-0153,investment7,INDIGO-ORG-0640,,,,,,,,,,,,,,,
INDIGO-POJ-0153,investment8,INDIGO-ORG-0641,,,,,,,,,,,,,,,
INDIGO-POJ-0153,investment9,INDIGO-ORG-0271,,,,,,,,,,,,,,,
INDIGO-POJ-0153,investment10,INDIGO-ORG-0642,,,,,,,,,,,,,,,
INDIGO-POJ-0154,investment1,INDIGO-ORG-0257,,,,,,,,,,,,,,,
INDIGO-POJ-0154,investment2,INDIGO-ORG-0258,,,,,,,,,,,,,,,
INDIGO-POJ-0154,investment3,INDIGO-ORG-0049,,,,,,,,,,,,,,,
INDIGO-POJ-0154,investment4,INDIGO-ORG-0547,,,,,,,,,,,,,,,
INDIGO-POJ-0154,investment5,INDIGO-ORG-1306,,,,,,,,,,,,,,,
INDIGO-POJ-0154,investment6,INDIGO-ORG-1222,,,,,,,,,,,,,,,
INDIGO-POJ-0154,investment7,INDIGO-ORG-0641,,,,,,,,,,,,,,,
INDIGO-POJ-0154,investment8,INDIGO-ORG-0303,,,,,,,,,,,,,,,
INDIGO-POJ-0154,investment9,INDIGO-ORG-1307,,,,,,,,,,,,,,,
INDIGO-POJ-0154,investment10,INDIGO-ORG-1221,,,,,,,,,,,,,,,
INDIGO-POJ-0154,investment11,INDIGO-ORG-1308,,,,,,,,,,,,,,,
INDIGO-POJ-0154,investment12,INDIGO-ORG-1309,,,,,,,,,,,,,,,
INDIGO-POJ-0155,investment1,INDIGO-ORG-0008,,GBP,,400000,,,514815.9644,,,,,,,,
INDIGO-POJ-0156,investment1,INDIGO-ORG-0049,,,,,,,,,,,,,Quasi equity (working capital),,
INDIGO-POJ-0156,investment2,INDIGO-ORG-1304,,,,,,,,,,,,,,,
INDIGO-POJ-0156,investment3,INDIGO-ORG-1295,,,,,,,,,,,,,,,
INDIGO-POJ-0156,investment4,INDIGO-ORG-0268,,,,,,,,,,,,,,,
INDIGO-POJ-0156,investment5,INDIGO-ORG-1305,,,,,,,,,,,,,,,
INDIGO-POJ-0156,investment6,INDIGO-ORG-0049,,,,,,,,,,,,,,,
INDIGO-POJ-0156,investment7,INDIGO-ORG-0547,,,,,,,,,,,,,,,
INDIGO-POJ-0156,investment8,INDIGO-ORG-1306,,,,,,,,,,,,,,,
INDIGO-POJ-0156,investment9,INDIGO-ORG-1222,,,,,,,,,,,,,,,
INDIGO-POJ-0156,investment10,INDIGO-ORG-0641,,,,,,,,,,,,,,,
INDIGO-POJ-0156,investment11,INDIGO-ORG-0303,,,,,,,,,,,,,,,
INDIGO-POJ-0156,investment12,INDIGO-ORG-1307,,,,,,,,,,,,,,,
INDIGO-POJ-0156,investment13,INDIGO-ORG-1221,,,,,,,,,,,,,,,
INDIGO-POJ-0156,investment14,INDIGO-ORG-1308,,,,,,,,,,,,,,,
INDIGO-POJ-0156,investment15,INDIGO-ORG-1309,,,,,,,,,,,,,,,
INDIGO-POJ-0157,investment1,INDIGO-ORG-0049,,,,,,,,,,,,,,,
INDIGO-POJ-0157,investment2,INDIGO-ORG-0547,,,,,,,,,,,,,,,
INDIGO-POJ-0157,investment3,INDIGO-ORG-1306,,,,,,,,,,,,,,,
INDIGO-POJ-0157,investment4,INDIGO-ORG-1222,,,,,,,,,,,,,,,
INDIGO-POJ-0157,investment5,INDIGO-ORG-0641,,,,,,,,,,,,,,,
INDIGO-POJ-0157,investment6,INDIGO-ORG-0303,,,,,,,,,,,,,,,
INDIGO-POJ-0157,investment7,INDIGO-ORG-1307,,,,,,,,,,,,,,,
INDIGO-POJ-0157,investment8,INDIGO-ORG-1221,,,,,,,,,,,,,,,
INDIGO-POJ-0157,investment9,INDIGO-ORG-1308,,,,,,,,,,,,,,,
INDIGO-POJ-0157,investment10,INDIGO-ORG-1309,,,,,,,,,,,,,,,
INDIGO-POJ-0158,investment1,INDIGO-ORG-0008,,GBP,,160000,,,213466.6674,,,,,,,,
INDIGO-POJ-0159,investment1,INDIGO-ORG-0132,,,,,,,,,,,,,,,
INDIGO-POJ-0159,investment2,INDIGO-ORG-0133,,,,,,,,,,,,,,,
INDIGO-POJ-0160,investment1,INDIGO-ORG-0049,,,,,,,,,,,,,,,
INDIGO-POJ-0160,investment2,INDIGO-ORG-0547,,,,,,,,,,,,,,,
INDIGO-POJ-0160,investment3,INDIGO-ORG-1306,,,,,,,,,,,,,,,
INDIGO-POJ-0160,investment4,INDIGO-ORG-1222,,,,,,,,,,,,,,,
INDIGO-POJ-0160,investment5,INDIGO-ORG-0641,,,,,,,,,,,,,,,
INDIGO-POJ-0160,investment6,INDIGO-ORG-0303,,,,,,,,,,,,,,,
INDIGO-POJ-0160,investment7,INDIGO-ORG-1307,,,,,,,,,,,,,,,
INDIGO-POJ-0160,investment8,INDIGO-ORG-1221,,,,,,,,,,,,,,,
INDIGO-POJ-0160,investment9,INDIGO-ORG-1308,,,,,,,,,,,,,,,
INDIGO-POJ-0160,investment10,INDIGO-ORG-1309,,,,,,,,,,,,,,,
INDIGO-POJ-0161,investment1,INDIGO-ORG-0049,,,,,,,,,,,,,,,
INDIGO-POJ-0161,investment2,INDIGO-ORG-0547,,,,,,,,,,,,,,,
INDIGO-POJ-0161,investment3,INDIGO-ORG-1306,,,,,,,,,,,,,,,
INDIGO-POJ-0161,investment4,INDIGO-ORG-1222,,,,,,,,,,,,,,,
INDIGO-POJ-0161,investment5,INDIGO-ORG-0641,,,,,,,,,,,,,,,
INDIGO-POJ-0161,investment6,INDIGO-ORG-0303,,,,,,,,,,,,,,,
INDIGO-POJ-0161,investment7,INDIGO-ORG-1307,,,,,,,,,,,,,,,
INDIGO-POJ-0161,investment8,INDIGO-ORG-1221,,,,,,,,,,,,,,,
INDIGO-POJ-0161,investment9,INDIGO-ORG-1308,,,,,,,,,,,,,,,
INDIGO-POJ-0161,investment10,INDIGO-ORG-1309,,,,,,,,,,,,,,,
INDIGO-POJ-0161,investment11,INDIGO-ORG-0690,,,,,,,,,,,,,,,
INDIGO-POJ-0162,investment1,INDIGO-ORG-0121,,,,,,,,,,,,,,,
INDIGO-POJ-0163,investment1,INDIGO-ORG-0007,,,,,,,,,,,,,,,
INDIGO-POJ-0163,investment2,INDIGO-ORG-0008,,,,,,,,,,,,,,,
INDIGO-POJ-0163,investment3,INDIGO-ORG-0009,,,,,,,,,,,,,,,
INDIGO-POJ-0163,investment4,INDIGO-ORG-0010,,,,,,,,,,,,,,,
INDIGO-POJ-0164,investment1,INDIGO-ORG-0138,,,,,,,,,,,,,Loan,,
INDIGO-POJ-0165,investment1,INDIGO-ORG-0268,,,,,,,,,,,,,,,Type of investment: quasi-equity
INDIGO-POJ-0165,investment2,INDIGO-ORG-0995,,,,,,,,,,,,,,,
INDIGO-POJ-0165,investment3,INDIGO-ORG-1304,,,,,,,,,,,,,,,
INDIGO-POJ-0165,investment4,INDIGO-ORG-1295,,,,,,,,,,,,,,,
INDIGO-POJ-0165,investment5,INDIGO-ORG-0268,,,,,,,,,,,,,,,
INDIGO-POJ-0165,investment6,INDIGO-ORG-1305,,,,,,,,,,,,,,,
INDIGO-POJ-0165,investment7,INDIGO-ORG-0049,,,,,,,,,,,,,,,
INDIGO-POJ-0165,investment8,INDIGO-ORG-0547,,,,,,,,,,,,,,,
INDIGO-POJ-0165,investment9,INDIGO-ORG-1306,,,,,,,,,,,,,,,
INDIGO-POJ-0165,investment10,INDIGO-ORG-1222,,,,,,,,,,,,,,,
INDIGO-POJ-0165,investment11,INDIGO-ORG-0641,,,,,,,,,,,,,,,
INDIGO-POJ-0165,investment12,INDIGO-ORG-0303,,,,,,,,,,,,,,,
INDIGO-POJ-0165,investment13,INDIGO-ORG-1307,,,,,,,,,,,,,,,
INDIGO-POJ-0165,investment14,INDIGO-ORG-1221,,,,,,,,,,,,,,,
INDIGO-POJ-0165,investment15,INDIGO-ORG-1308,,,,,,,,,,,,,,,
INDIGO-POJ-0165,investment16,INDIGO-ORG-1309,,,,,,,,,,,,,,,
INDIGO-POJ-0166,investment1,INDIGO-ORG-1304,,,,,,,,,,,,,,,
INDIGO-POJ-0166,investment2,INDIGO-ORG-1295,,,,,,,,,,,,,,,
INDIGO-POJ-0166,investment3,INDIGO-ORG-0268,,,,,,,,,,,,,,,
INDIGO-POJ-0166,investment4,INDIGO-ORG-1305,,,,,,,,,,,,,,,
INDIGO-POJ-0166,investment5,INDIGO-ORG-0049,,,,,,,,,,,,,,,
INDIGO-POJ-0166,investment6,INDIGO-ORG-0547,,,,,,,,,,,,,,,
INDIGO-POJ-0166,investment7,INDIGO-ORG-1306,,,,,,,,,,,,,,,
INDIGO-POJ-0166,investment8,INDIGO-ORG-1222,,,,,,,,,,,,,,,
INDIGO-POJ-0166,investment9,INDIGO-ORG-0641,,,,,,,,,,,,,,,
INDIGO-POJ-0166,investment10,INDIGO-ORG-0303,,,,,,,,,,,,,,,
INDIGO-POJ-0166,investment11,INDIGO-ORG-1307,,,,,,,,,,,,,,,
INDIGO-POJ-0166,investment12,INDIGO-ORG-1221,,,,,,,,,,,,,,,
INDIGO-POJ-0166,investment13,INDIGO-ORG-1308,,,,,,,,,,,,,,,
INDIGO-POJ-0166,investment14,INDIGO-ORG-1309,,,,,,,,,,,,,,,
INDIGO-POJ-0167,investment1,INDIGO-ORG-0008,,GBP,,407000,,,543005.8352,,,,,,,,
INDIGO-POJ-0168,investment1,INDIGO-ORG-0008,,GBP,,750000,,,982500,,,,,,,,
INDIGO-POJ-0169,Big Issue Invest,INDIGO-ORG-0008,,GBP,,450000,,,600375.002,,,,,,,,
INDIGO-POJ-0170,Care and Wellbeing Fund,INDIGO-ORG-0059,,GBP,,345000,,,440299.4845094118,,,,,,,,
INDIGO-POJ-0171,investment1,INDIGO-ORG-0009,,,,,,,,,,,,,,,
INDIGO-POJ-0171,investment2,INDIGO-ORG-0049,,,,,,,,,,,,,,,
INDIGO-POJ-0171,investment3,INDIGO-ORG-1219,,,,,,,,,,,,,,,
INDIGO-POJ-0171,investment4,INDIGO-ORG-1220,,,,,,,,,,,,,,,
INDIGO-POJ-0171,investment5,INDIGO-ORG-1221,,,,,,,,,,,,,,,
INDIGO-POJ-0171,investment6,INDIGO-ORG-1222,,,,,,,,,,,,,,,
INDIGO-POJ-0171,investment7,INDIGO-ORG-1223,,,,,,,,,,,,,,,
INDIGO-POJ-0171,investment8,INDIGO-ORG-1224,,,,,,,,,,,,,,,
INDIGO-POJ-0171,investment9,INDIGO-ORG-1225,,,,,,,,,,,,,,,
INDIGO-POJ-0171,investment10,INDIGO-ORG-1306,,,,,,,,,,,,,,,
INDIGO-POJ-0171,investment11,INDIGO-ORG-1310,,,,,,,,,,,,,,,
INDIGO-POJ-0171,investment12,INDIGO-ORG-1311,,,,,,,,,,,,,,,
INDIGO-POJ-0171,investment13,INDIGO-ORG-1312,,,,,,,,,,,,,,,
INDIGO-POJ-0171,investment14,INDIGO-ORG-1313,,,,,,,,,,,,,,,
INDIGO-POJ-0172,Social and Sustainable Capital,INDIGO-ORG-0538,,GBP,,250000,,,,,,,,,,,
INDIGO-POJ-0172,Future Advice Skills,INDIGO-ORG-1072,,GBP,,248000,,,,,,,,,,,
INDIGO-POJ-0173,Big Issue Invest,INDIGO-ORG-0008,,GBP,,,,,,,,,,,,,
INDIGO-POJ-0174,investment1,INDIGO-ORG-0132,,GBP,,100000,,,127623.039,,,,,,,,
INDIGO-POJ-0175,investment1,INDIGO-ORG-0009,,,,,,,,,,,,,,,
INDIGO-POJ-0175,investment2,INDIGO-ORG-0049,,,,,,,,,,,,,,,
INDIGO-POJ-0175,investment3,INDIGO-ORG-1219,,,,,,,,,,,,,,,
INDIGO-POJ-0175,investment4,INDIGO-ORG-1220,,,,,,,,,,,,,,,
INDIGO-POJ-0175,investment5,INDIGO-ORG-1221,,,,,,,,,,,,,,,
INDIGO-POJ-0175,investment6,INDIGO-ORG-1222,,,,,,,,,,,,,,,
INDIGO-POJ-0175,investment7,INDIGO-ORG-1223,,,,,,,,,,,,,,,
INDIGO-POJ-0175,investment8,INDIGO-ORG-1224,,,,,,,,,,,,,,,
INDIGO-POJ-0175,investment9,INDIGO-ORG-1225,,,,,,,,,,,,,,,
INDIGO-POJ-0176,investment1,INDIGO-ORG-0008,,GBP,,227000,,,289704.2985,,,,,,,,
INDIGO-POJ-0177,investment1,INDIGO-ORG-0009,,,,,,,,,,,,,,,
INDIGO-POJ-0177,investment2,INDIGO-ORG-0049,,,,,,,,,,,,,,,
INDIGO-POJ-0177,investment3,INDIGO-ORG-1219,,,,,,,,,,,,,,,
INDIGO-POJ-0177,investment4,INDIGO-ORG-1220,,,,,,,,,,,,,,,
INDIGO-POJ-0177,investment5,INDIGO-ORG-1221,,,,,,,,,,,,,,,
INDIGO-POJ-0177,investment6,INDIGO-ORG-1222,,,,,,,,,,,,,,,
INDIGO-POJ-0177,investment7,INDIGO-ORG-1223,,,,,,,,,,,,,,,
INDIGO-POJ-0177,investment8,INDIGO-ORG-1224,,,,,,,,,,,,,,,
INDIGO-POJ-0177,investment9,INDIGO-ORG-1225,,,,,,,,,,,,,,,
INDIGO-POJ-0177,investment10,INDIGO-ORG-1306,,,,,,,,,,,,,,,
INDIGO-POJ-0177,investment11,INDIGO-ORG-1310,,,,,,,,,,,,,,,
INDIGO-POJ-0177,investment12,INDIGO-ORG-1311,,,,,,,,,,,,,,,
INDIGO-POJ-0177,investment13,INDIGO-ORG-1312,,,,,,,,,,,,,,,
INDIGO-POJ-0177,investment14,INDIGO-ORG-1313,,,,,,,,,,,,,,,
INDIGO-POJ-0178,investment1,INDIGO-ORG-0009,,,,,,,,,,,,,,,
INDIGO-POJ-0178,investment2,INDIGO-ORG-0049,,,,,,,,,,,,,,,
INDIGO-POJ-0178,investment3,INDIGO-ORG-1219,,,,,,,,,,,,,,,
INDIGO-POJ-0178,investment4,INDIGO-ORG-1220,,,,,,,,,,,,,,,
INDIGO-POJ-0178,investment5,INDIGO-ORG-1221,,,,,,,,,,,,,,,
INDIGO-POJ-0178,investment6,INDIGO-ORG-1222,,,,,,,,,,,,,,,
INDIGO-POJ-0178,investment7,INDIGO-ORG-1223,,,,,,,,,,,,,,,
INDIGO-POJ-0178,investment8,INDIGO-ORG-1224,,,,,,,,,,,,,,,
INDIGO-POJ-0178,investment9,INDIGO-ORG-1225,,,,,,,,,,,,,,,
INDIGO-POJ-0178,investment10,INDIGO-ORG-1306,,,,,,,,,,,,,,,
INDIGO-POJ-0178,investment11,INDIGO-ORG-1310,,,,,,,,,,,,,,,
INDIGO-POJ-0178,investment12,INDIGO-ORG-1311,,,,,,,,,,,,,,,
INDIGO-POJ-0178,investment13,INDIGO-ORG-1312,,,,,,,,,,,,,,,
INDIGO-POJ-0178,investment14,INDIGO-ORG-1313,,,,,,,,,,,,,,,
INDIGO-POJ-0179,Investment1,INDIGO-ORG-0008,,GBP,,470000,,,599828.2832,,,,,,,,
INDIGO-POJ-0180,investment1,INDIGO-ORG-0009,,,,,,,,,,,,,,,
INDIGO-POJ-0180,investment2,INDIGO-ORG-0049,,,,,,,,,,,,,,,
INDIGO-POJ-0180,investment3,INDIGO-ORG-1219,,,,,,,,,,,,,,,
INDIGO-POJ-0180,investment4,INDIGO-ORG-1220,,,,,,,,,,,,,,,
INDIGO-POJ-0180,investment5,INDIGO-ORG-1221,,,,,,,,,,,,,,,
INDIGO-POJ-0180,investment6,INDIGO-ORG-1222,,,,,,,,,,,,,,,
INDIGO-POJ-0180,investment7,INDIGO-ORG-1223,,,,,,,,,,,,,,,
INDIGO-POJ-0180,investment8,INDIGO-ORG-1224,,,,,,,,,,,,,,,
INDIGO-POJ-0180,investment9,INDIGO-ORG-1225,,,,,,,,,,,,,,,
INDIGO-POJ-0180,investment10,INDIGO-ORG-1306,,,,,,,,,,,,,,,
INDIGO-POJ-0180,investment11,INDIGO-ORG-1310,,,,,,,,,,,,,,,
INDIGO-POJ-0180,investment12,INDIGO-ORG-1311,,,,,,,,,,,,,,,
INDIGO-POJ-0180,investment13,INDIGO-ORG-1312,,,,,,,,,,,,,,,
INDIGO-POJ-0180,investment14,INDIGO-ORG-1313,,,,,,,,,,,,,,,
INDIGO-POJ-0181,Big Issue Invest,INDIGO-ORG-0008,,GBP,,725000,,,925267.0326,,,,,,,,
INDIGO-POJ-0182,investment1,INDIGO-ORG-0009,,,,,,,,,,,,,,,
INDIGO-POJ-0182,investment2,INDIGO-ORG-0049,,,,,,,,,,,,,,,
INDIGO-POJ-0182,investment3,INDIGO-ORG-1219,,,,,,,,,,,,,,,
INDIGO-POJ-0182,investment4,INDIGO-ORG-1220,,,,,,,,,,,,,,,
INDIGO-POJ-0182,investment5,INDIGO-ORG-1221,,,,,,,,,,,,,,,
INDIGO-POJ-0182,investment6,INDIGO-ORG-1222,,,,,,,,,,,,,,,
INDIGO-POJ-0182,investment7,INDIGO-ORG-1223,,,,,,,,,,,,,,,
INDIGO-POJ-0182,investment8,INDIGO-ORG-1224,,,,,,,,,,,,,,,
INDIGO-POJ-0182,investment9,INDIGO-ORG-1225,,,,,,,,,,,,,,,
INDIGO-POJ-0183,investment1,INDIGO-ORG-0009,,,,,,,,,,,,,,,
INDIGO-POJ-0183,investment2,INDIGO-ORG-0049,,,,,,,,,,,,,,,
INDIGO-POJ-0183,investment3,INDIGO-ORG-1219,,,,,,,,,,,,,,,
INDIGO-POJ-0183,investment4,INDIGO-ORG-1220,,,,,,,,,,,,,,,
INDIGO-POJ-0183,investment5,INDIGO-ORG-1221,,,,,,,,,,,,,,,
INDIGO-POJ-0183,investment6,INDIGO-ORG-1222,,,,,,,,,,,,,,,
INDIGO-POJ-0183,investment7,INDIGO-ORG-1223,,,,,,,,,,,,,,,
INDIGO-POJ-0183,investment8,INDIGO-ORG-1224,,,,,,,,,,,,,,,
INDIGO-POJ-0183,investment9,INDIGO-ORG-1225,,,,,,,,,,,,,,,
INDIGO-POJ-0184,investment1,INDIGO-ORG-0009,,,,,,,,,,,,,,,
INDIGO-POJ-0184,investment2,INDIGO-ORG-0049,,,,,,,,,,,,,,,
INDIGO-POJ-0184,investment3,INDIGO-ORG-1219,,,,,,,,,,,,,,,
INDIGO-POJ-0184,investment4,INDIGO-ORG-1220,,,,,,,,,,,,,,,
INDIGO-POJ-0184,investment5,INDIGO-ORG-1221,,,,,,,,,,,,,,,
INDIGO-POJ-0184,investment6,INDIGO-ORG-1222,,,,,,,,,,,,,,,
INDIGO-POJ-0184,investment7,INDIGO-ORG-1223,,,,,,,,,,,,,,,
INDIGO-POJ-0184,investment8,INDIGO-ORG-1224,,,,,,,,,,,,,,,
INDIGO-POJ-0184,investment9,INDIGO-ORG-1225,,,,,,,,,,,,,,,
INDIGO-POJ-0188,investment1,INDIGO-ORG-0008,Impact Investor,GBP,,126000,,,,,,,,,,,
INDIGO-POJ-0189,investment1,INDIGO-ORG-0008,Impact Investor,GBP,,204000,,,253103.31,,,,,,,,
INDIGO-POJ-0190,investment1,INDIGO-ORG-0008,,GBP,,400000,,,533666.6685,,,,,,,,
INDIGO-POJ-0191,investment,INDIGO-ORG-1126,,EUR,,2300000,,,2714000,,,,,,,,
INDIGO-POJ-0192,investment1,INDIGO-ORG-0008,Impact Investor ,GBP,,328000,,,,,,,,,,,
INDIGO-POJ-0193,investment1,INDIGO-ORG-0008,Impact Investor,GBP,,300000,,,,,,,,,,,
INDIGO-POJ-0194,investment1,INDIGO-ORG-0008,Impact Investor,GBP,,925562,,,,,,,,,,,
INDIGO-POJ-0195,investment1,INDIGO-ORG-0008,,,,362500,,,,,362500,,0.113737052679061,,,,
INDIGO-POJ-0195,investment2,INDIGO-ORG-0381,,,,362500,,,,,362500,,0.113737052679061,,,,
INDIGO-POJ-0195,investment3,INDIGO-ORG-0132,,,,175000,,,,,175000,,0.113737052679061,,,,
INDIGO-POJ-0195,investment4,INDIGO-ORG-0133,,,,100000,,,,,100000,,0.08934794962406162,,,,
INDIGO-POJ-0196,investment1,INDIGO-ORG-0023,,,,,,,,,,,,,,,
INDIGO-POJ-0196,investment2,INDIGO-ORG-0018,,,,,,,,,,,,,,,
INDIGO-POJ-0196,investment3,INDIGO-ORG-0710,,,,,,,,,,,,,,,
INDIGO-POJ-0196,investment4,INDIGO-ORG-0025,,,,,,,,,,,,,,,
INDIGO-POJ-0197,investment1,INDIGO-ORG-0533,Foundation/Philanthropist,,,,,,,,,,,,,,
INDIGO-POJ-0198,investment1,INDIGO-ORG-0008,Impact Investor,GBP,,1245000,,,1544674.6125,,,,,,,,
INDIGO-POJ-0199,investment1,INDIGO-ORG-0538,Impact Investor,GBP,,150000,,,186105.375,,,,,,,,
INDIGO-POJ-0200,investment1,INDIGO-ORG-0009,,,,,,,,,,,,,,,
INDIGO-POJ-0200,investment2,INDIGO-ORG-0049,,,,,,,,,,,,,,,
INDIGO-POJ-0200,investment3,INDIGO-ORG-1219,,,,,,,,,,,,,,,
INDIGO-POJ-0200,investment4,INDIGO-ORG-1220,,,,,,,,,,,,,,,
INDIGO-POJ-0200,investment5,INDIGO-ORG-1221,,,,,,,,,,,,,,,
INDIGO-POJ-0200,investment6,INDIGO-ORG-1222,,,,,,,,,,,,,,,
INDIGO-POJ-0200,investment7,INDIGO-ORG-1223,,,,,,,,,,,,,,,
INDIGO-POJ-0200,investment8,INDIGO-ORG-1224,,,,,,,,,,,,,,,
INDIGO-POJ-0200,investment9,INDIGO-ORG-1225,,,,,,,,,,,,,,,
INDIGO-POJ-0200,investment10,INDIGO-ORG-1306,,,,,,,,,,,,,,,
INDIGO-POJ-0200,investment11,INDIGO-ORG-1310,,,,,,,,,,,,,,,
INDIGO-POJ-0200,investment12,INDIGO-ORG-1311,,,,,,,,,,,,,,,
INDIGO-POJ-0200,investment13,INDIGO-ORG-1312,,,,,,,,,,,,,,,
INDIGO-POJ-0200,investment14,INDIGO-ORG-1313,,,,,,,,,,,,,,,
INDIGO-POJ-0201,investment1,INDIGO-ORG-0595,,GBP,,451264,,,,,,,,,,,
INDIGO-POJ-0201,investment2,INDIGO-ORG-0690,,GBP,,433567,,,,,,,,,,,
INDIGO-POJ-0203,,INDIGO-ORG-1168,,,,,,,,,,,,,,,
INDIGO-POJ-0203,,INDIGO-ORG-1169,,,,,,,,,,,,,,,
INDIGO-POJ-0203,,INDIGO-ORG-0387,,,,,,,,,,,,,,,
INDIGO-POJ-0203,,INDIGO-ORG-1170,,,,,,,,,,,,,,,
INDIGO-POJ-0203,,INDIGO-ORG-1171,,,,,,,,,,,,,,,
INDIGO-POJ-0203,,INDIGO-ORG-1172,,,,,,,,,,,,,,,
INDIGO-POJ-0204,investment1,INDIGO-ORG-1183,,EUR,,3500000,,,3921050,,,,,,,,
INDIGO-POJ-0205,investment1,INDIGO-ORG-0387,Government/Public Sector/Public Bank ,EUR,,1000000,,,,,,,,,,,
INDIGO-POJ-0205,investment2,INDIGO-ORG-1172,Commercia,EUR,,500000,,,,,,,,,,,
INDIGO-POJ-0205,investment3,INDIGO-ORG-1169,Commercia,EUR,,500000,,,,,,,,,,,Lahi Tapiola Life Insurance 
INDIGO-POJ-0205,investment4,INDIGO-ORG-1169,Commercia,EUR,,500000,,,,,,,,,,,Lahi Tapiola Insurance 
INDIGO-POJ-0205,investment5,INDIGO-ORG-1194,Commercia,EUR,,250000,,,,,,,,,,,
INDIGO-POJ-0205,investment6,INDIGO-ORG-1195,Commercia,EUR,,250000,,,,,,,,,,,
INDIGO-POJ-0205,investment7,INDIGO-ORG-1173,Investment Fund,EUR,,2100000,,,,,,,,,,,
INDIGO-POJ-0206,investment1,INDIGO-ORG-0358,,,,,,,,,,,,,,,
INDIGO-POJ-0206,investment2,INDIGO-ORG-1208,,,,,,,,,,,,,,,
INDIGO-POJ-0207,investment1,INDIGO-ORG-1207,,EUR,,57924,,,64727.7979,,,,,,,,
INDIGO-POJ-0209,investment1,INDIGO-ORG-1210,Foundation/Philanthropist,,,,,,,,,,,,,,
INDIGO-POJ-0209,investment2,INDIGO-ORG-0358,High Net Worth Individual/Family Office/Private Bank,,,,,,,,,,,,,,
INDIGO-POJ-0209,investment3,INDIGO-ORG-1208,Nonprofit/NGO,,,,,,,,,,,,,,
INDIGO-POJ-0210,investment1,INDIGO-ORG-0018,,,,,,,,,,,,,,,
INDIGO-POJ-0210,investment2,INDIGO-ORG-0023,,,,,,,,,,,,,,,
INDIGO-POJ-0210,investment3,INDIGO-ORG-1212,,,,,,,,,,,,,,,
INDIGO-POJ-0210,investment4,INDIGO-ORG-1213,,,,,,,,,,,,,,,
INDIGO-POJ-0210,investment5,INDIGO-ORG-1214,,,,,,,,,,,,,,,
INDIGO-POJ-0211,investor1,INDIGO-ORG-1215,,,,,,,,,,,,,,,
INDIGO-POJ-0211,investor2,INDIGO-ORG-1216,Foundation/Philanthropist,,,,,,,,,,,,,,
INDIGO-POJ-0211,investor3,INDIGO-ORG-1217,High Net Worth Individual/Family Office/Private Bank,,,,,,,,,,,,,,
INDIGO-POJ-0211,investor4,INDIGO-ORG-1218,Foundation/Philanthropist,,,,,,,,,,,,,,
INDIGO-POJ-0212,,INDIGO-ORG-1242,High Net Worth Individual/Family Office/Private Bank,,,,,,,,,,,,,,
INDIGO-POJ-0213,,INDIGO-ORG-0542,Foundation/Philanthropist,,,,,,,,,,,,,,
INDIGO-POJ-0214,,INDIGO-ORG-0710,,,,,,,,,,,,,,,
INDIGO-POJ-0214,,INDIGO-ORG-1238,,,,,,,,,,,,,,,
INDIGO-POJ-0214,,INDIGO-ORG-0726,,,,,,,,,,,,,,,
INDIGO-POJ-0214,,INDIGO-ORG-0689,,,,,,,,,,,,,,,
INDIGO-POJ-0215,,INDIGO-ORG-0542,,,,,,,,,,,,,,,
INDIGO-POJ-0215,,INDIGO-ORG-1227,,,,,,,,,,,,,,,
INDIGO-POJ-0215,,INDIGO-ORG-0687,,,,,,,,,,,,,,,
INDIGO-POJ-0216,,INDIGO-ORG-0542,,,,,,,,,,,,,,,
INDIGO-POJ-0216,,INDIGO-ORG-1227,,,,,,,,,,,,,,,
INDIGO-POJ-0216,,INDIGO-ORG-0687,,,,,,,,,,,,,,,
INDIGO-POJ-0217,,INDIGO-ORG-0542,,,,,,,,,,,,,,,
INDIGO-POJ-0217,,INDIGO-ORG-1227,,,,,,,,,,,,,,,
INDIGO-POJ-0217,,INDIGO-ORG-0687,,,,,,,,,,,,,,,
INDIGO-POJ-0218,investment1,INDIGO-ORG-1250,,USD,,5000000,,,5000000,,50% of principal,,"Maximum 12.5% p.a. return. 3% p.a. for first 2 years, years 3-5 dependent on outcomes. Target 7.1% p.a. return.",,Debt,,
INDIGO-POJ-0219,investment1,INDIGO-ORG-1254,,USD,,5000000,,,,,30% of capital,,"Maximum 9.9% p.a. return. 1.5% p.a. for first 5.25 years, year 6 dependent on outcomes. Target 6.0% p.a. return.",,,,
INDIGO-POJ-0220,investment1,INDIGO-ORG-1257,,USD,,6500000,,,6500000,,50% of principal,,9.9% p.a. max return. Fixed coupons of 2% p.a. for first 3 years Performance coupons in years 4-7 which are dependent upon program outcomes. Target return 5.8% p.a.,,,,
INDIGO-POJ-0221,investment1,INDIGO-ORG-1261,,USD,,7000000,,,7000000,,45% of capital,,"10.4% p.a maximum return. Fixed coupons of 2% p.a. for first 3 years, Performance coupons in years 4-9 which are dependent upon program outcomes. Target return 5.9% p.a",,,,
INDIGO-POJ-0222,investment1,INDIGO-ORG-1282,,EUR,,2200000,,,2596831.2,,,,,,,,
INDIGO-POJ-0223,investment1,INDIGO-ORG-1279,Government/Public Sector/Public Bank,USD,,7825000,,,7825000,,,,,,,,
INDIGO-POJ-0223,investment2,INDIGO-ORG-1280,High Net Worth Individual/Family Office/Private Bank,USD,,2000000,,,2000000,,,,,,,,
INDIGO-POJ-0224,investment1,INDIGO-ORG-0525,,Russian Ruble,9560465,,,,,,1,,,,,,
INDIGO-POJ-0225,Investments1,INDIGO-ORG-1262,Government/Public Sector/Public Bank,Russian Ruble,36172446,,,478454.4202786409,,,1,,,,,,
INDIGO-POJ-0226,investment1,INDIGO-ORG-1267,Multilateral/Bilateral/Intergovernmental Financial Institution,Russian Ruble,68740621.45,,,908819.0806652274,,,,,,,,,
INDIGO-POJ-0227,investment1,INDIGO-ORG-1270,Commercial,Russian Ruble,29173200,,,401152.861389869,,,,,,,,,
INDIGO-POJ-0228,investment1,INDIGO-ORG-0009,,,,,,,,,,,,,,,
INDIGO-POJ-0228,investment2,INDIGO-ORG-0049,,,,,,,,,,,,,,,
INDIGO-POJ-0228,investment3,INDIGO-ORG-1219,,,,,,,,,,,,,,,
INDIGO-POJ-0228,investment4,INDIGO-ORG-1220,,,,,,,,,,,,,,,
INDIGO-POJ-0228,investment5,INDIGO-ORG-1221,,,,,,,,,,,,,,,
INDIGO-POJ-0228,investment6,INDIGO-ORG-1222,,,,,,,,,,,,,,,
INDIGO-POJ-0228,investment7,INDIGO-ORG-1223,,,,,,,,,,,,,,,
INDIGO-POJ-0228,investment8,INDIGO-ORG-1224,,,,,,,,,,,,,,,
INDIGO-POJ-0228,investment9,INDIGO-ORG-1225,,,,,,,,,,,,,,,
INDIGO-POJ-0228,investment10,INDIGO-ORG-1306,,,,,,,,,,,,,,,
INDIGO-POJ-0228,investment11,INDIGO-ORG-1310,,,,,,,,,,,,,,,
INDIGO-POJ-0228,investment12,INDIGO-ORG-1311,,,,,,,,,,,,,,,
INDIGO-POJ-0228,investment13,INDIGO-ORG-1312,,,,,,,,,,,,,,,
INDIGO-POJ-0228,investment14,INDIGO-ORG-1313,,,,,,,,,,,,,,,
INDIGO-POJ-0229,investment1,INDIGO-ORG-1283,,,,,,,,,,,,,,,
INDIGO-POJ-0229,investment2,INDIGO-ORG-0185,Foundation/Philanthropist,,,,,,,,,,,,,,
INDIGO-POJ-0231,investor1,INDIGO-ORG-0018,High Net Worth Individual/Family Office/Private Bank,,,,,,,,,,,,,,
INDIGO-POJ-0232,investment1,INDIGO-ORG-1315,,,,,,,,,,,,,,,
INDIGO-POJ-0233,investment1,INDIGO-ORG-1320,,,,,,,,,,,,,,,
INDIGO-POJ-0235,investment1,INDIGO-ORG-1327,,,,,,,,,,,,,,,This investor participated in phase 1 of the project.
INDIGO-POJ-0235,investment2,INDIGO-ORG-1328,,,,,,,,,,,,,,,This investor participated in phase 2 of the project.
INDIGO-POJ-0235,investment3,INDIGO-ORG-1329,,,,,,,,,,,,,,,This investor participated in phase 2 of the project.
INDIGO-POJ-0235,investment4,INDIGO-ORG-1330,,,,,,,,,,,,,,,This investor participated in phase 2 of the project.
INDIGO-POJ-0235,investment5,INDIGO-ORG-1331,,,,,,,,,,,,,,,This investor participated in phase 2 of the project.
INDIGO-POJ-0235,investment6,INDIGO-ORG-1332,,,,,,,,,,,,,,,This investor participated in phase 2 of the project.
INDIGO-POJ-0236,investment1,INDIGO-ORG-1320,,,,,,,,,,,,,,,
INDIGO-POJ-0236,investment2,INDIGO-ORG-1336,,,,,,,,,,,,,,,
INDIGO-POJ-0236,investment3,INDIGO-ORG-1337,,,,,,,,,,,,,,,
INDIGO-POJ-0236,investment4,INDIGO-ORG-1338,,,,,,,,,,,,,,,
INDIGO-POJ-0237,investment1,INDIGO-ORG-1340,,,,,,,,,,,,,,,Individuals and corporations in and outside the region (they invest in the anonymous partnership formed by Plus Social Investment).
INDIGO-POJ-0238,investment1,INDIGO-ORG-1340,Investment Fund,,,,,,,,,,0.02,,,,"Residents and local companies invest 20,000 yen per unit, and it will be reimbursed with an interest rate of 2%. They invest in the anonymous partnership formed by Plus Social Investment."
INDIGO-POJ-0239,investment1,INDIGO-ORG-1349,Investment Fund,,,,,,,,,,,,,,The Murakami Family Foundation invested in phase one of this project (2018).
INDIGO-POJ-0239,investment2,INDIGO-ORG-1350,Investment Fund,,,,,,,,,,,,,,"The Japan Fundraising Association invested in phase two of this project (2019). Overhead costs were funded by the Ministry of Health, Labour and Welfare."
INDIGO-POJ-0240,investment1,INDIGO-ORG-1351,,,,,,,,,,,,,,,
INDIGO-POJ-0240,investment2,INDIGO-ORG-1322,,,,,,,,,,,,,,,
INDIGO-POJ-0241,investment1,INDIGO-ORG-1353,,,,,,,,,,,,,,,The Murakami Family Foundation (Only in Phase 1) and Social Value Japan (SVJ)
INDIGO-POJ-0241,investment2,INDIGO-ORG-1349,,,,,,,,,,,,,,,The Murakami Family Foundation (Only in Phase 1) and Social Value Japan (SVJ)
INDIGO-POJ-0242,investment1,INDIGO-ORG-1320,,,,,,,,,,,,,,,Music Securities Inc. forms an anonymous partnership and Japan Social Innovation and Investment Foundation (SIIF) makes an investment.
INDIGO-POJ-0243,investment1,INDIGO-ORG-1359,,,,,,,,,,,,,,,
INDIGO-POJ-0243,investment2,INDIGO-ORG-1360,,,,,,,,,,,,,,,
INDIGO-POJ-0244,investment1,INDIGO-ORG-1367,,,,,,,,,,,,,,,
INDIGO-POJ-0244,investment2,INDIGO-ORG-1350,,,,,,,,,,,,,,,
INDIGO-POJ-0245,investment1,INDIGO-ORG-1367,,,,,,,,,,,,,,,"Total of 26 million yen from Chugoku Bank Ltd., Japan Social Innovation and Investment Foundation (SIIF) (including the donation of 1 million yen from one company), and local companies. Plus, individuals (3 million yen) etc.
Return:
Individuals: 119.12% at most
Corporations: 140.19%.
It varies depending on the amount of incentives provided by the intermediary support organization."
INDIGO-POJ-0245,investment2,INDIGO-ORG-1320,,,,,,,,,,,,,,,"Total of 26 million yen from Chugoku Bank Ltd., Japan Social Innovation and Investment Foundation (SIIF) (including the donation of 1 million yen from one company), and local companies. Plus, individuals (3 million yen) etc.
Return:
Individuals: 119.12% at most
Corporations: 140.19%.
It varies depending on the amount of incentives provided by the intermediary support organization."
INDIGO-POJ-0246,investment1,INDIGO-ORG-1369,,CAD,,2000000,,,,,,,,,,,
INDIGO-POJ-0247,investment1,INDIGO-ORG-1381,Investment Fund,USD,,150000000,,,150000000,,,,,,,,
INDIGO-POJ-0248,investment1,INDIGO-ORG-1383,,EUR,,1750000,,,2058823.529,,,,,,,,
INDIGO-POJ-0249,investment1,INDIGO-ORG-1383,,EUR,,362411.36,,,426366.3058823529,,,,,,,,
INDIGO-POJ-0250,investment1,INDIGO-ORG-1385,,EUR,,182341.15,,,214519,,,,,,,,
INDIGO-POJ-0251,investment1,INDIGO-ORG-1385,,EUR,,182341.15,,,214519,,,,,,,,
INDIGO-POJ-0252,investment1,INDIGO-ORG-1383,,EUR,,377386.53,,,428848.3295454546,,,,,,,,
INDIGO-POJ-0253,investment1,INDIGO-ORG-1383,,EUR,,1422417,,,1616382.9545454546,,,,,,,,
INDIGO-POJ-0254,investment1,INDIGO-ORG-1383,,EUR,,2762392.14,,,3139081.977272728,,,,,,,,
INDIGO-POJ-0259,investment1,INDIGO-ORG-1402,Investment Fund,,,,,,,,,,,,,,
INDIGO-POJ-0259,investment2,INDIGO-ORG-1397,Investment Fund,,,,,,,,,,,,,,
INDIGO-POJ-0259,investment3,INDIGO-ORG-1398,Investment Fund,,,,,,,,,,,,,,
INDIGO-POJ-0259,investment4,INDIGO-ORG-1399,Investment Fund,,,,,,,,,,,,,,
INDIGO-POJ-0260,,INDIGO-ORG-1404,,,,,,,,,,,,,,,Revenue from school districts are also used to pay upfront cost of the project
INDIGO-POJ-0260,,INDIGO-ORG-0098,,,,,,,,,,,,,,,
INDIGO-POJ-0260,,INDIGO-ORG-0564,,,,,,,,,,,,,,,
INDIGO-POJ-0260,,INDIGO-ORG-1488,,,,,,,,,,,,,,,
INDIGO-POJ-0261,investment1,INDIGO-ORG-1411,Investment Fund,DKK,,3600000,,,,,,,,,,,Investors
INDIGO-POJ-0262,investment1,INDIGO-ORG-1411,,,,,,,,,,,,,,,
INDIGO-POJ-0263,investment1,INDIGO-ORG-1411,Investment Fund,,,,,,,,,,,,,,
INDIGO-POJ-0264,investment1,INDIGO-ORG-1411,Investment Fund,,,,,,,,,,,,,,
INDIGO-POJ-0265,investment1,INDIGO-ORG-1411,Investment Fund,,,,,,,,,,,,,,
INDIGO-POJ-0266,investment1,INDIGO-ORG-1411,Investment Fund,,,,,,,,,,,,,,
INDIGO-POJ-0267,investment1,INDIGO-ORG-1411,Investment Fund,,,,,,,,,,,,,,
INDIGO-POJ-0268,investment1,INDIGO-ORG-1411,Investment Fund,,,,,,,,,,,,,,
INDIGO-POJ-0268,investment2,INDIGO-ORG-1443,Investment Fund,,,,,,,,,,,,,,
INDIGO-POJ-0269,investment1,INDIGO-ORG-1411,,,,,,,,,,,,,,,
INDIGO-POJ-0270,investment1,INDIGO-ORG-1411,Investment Fund,,,,,,,,,,,,,,
INDIGO-POJ-0270,investment2,INDIGO-ORG-1443,Investment Fund,,,,,,,,,,,,,,
INDIGO-POJ-0270,investment3,INDIGO-ORG-1444,Investment Fund,,,,,,,,,,,,,,
INDIGO-POJ-0272,investment1,INDIGO-ORG-1427,,AUD,,,500000,,,,,,,,,,
INDIGO-POJ-0272,investment2,INDIGO-ORG-1428,,AUD ,,,500000,,,,,,,,,,
INDIGO-POJ-0272,investment3,INDIGO-ORG-1429,,AUD,,,13200000,,,,,,,,,,
INDIGO-POJ-0273,investment1,INDIGO-ORG-1439,,CAD,,130000,,,97744.36,,,,,,,,
INDIGO-POJ-0280,investment1,INDIGO-ORG-1454,Foundation/Philanthropist,CAD,,600000,,,444000,,,,,,,,
INDIGO-POJ-0281,investment1,INDIGO-ORG-1457,,CAD,,1000000,,,740000,,,,,,,,
INDIGO-POJ-0281,investment2,INDIGO-ORG-0769,,,,,,,,,,,,,,,investment amount not disclosed
INDIGO-POJ-0281,investment3,INDIGO-ORG-1458,,,,,,,,,,,,,,,investment amount not disclosed
INDIGO-POJ-0281,investment4,INDIGO-ORG-1459,,,,,,,,,,,,,,,investment amount not disclosed
INDIGO-POJ-0281,investment5,INDIGO-ORG-1460,,,,,,,,,,,,,,,investment amount not disclosed
INDIGO-POJ-0281,investment6,INDIGO-ORG-1461,,,,,,,,,,,,,,,investment amount not disclosed
INDIGO-POJ-0283,investment1,INDIGO-ORG-0008,Investment Fund,,,,,,,,,,,,,,
INDIGO-POJ-0284,investment1,INDIGO-ORG-0008,Investment Fund,,,,,,,,,,,,,,
INDIGO-POJ-0285,investment1,INDIGO-ORG-0018,Investment Fund,,,,,,,,,,,,,,"BNP Paribas, Bridges and Rabobank have invested €1,5 million. The remaining €250,000 was invested by more than 200 private investors through the crowdfunding platform Oneplanetcrowd"
INDIGO-POJ-0285,investment2,INDIGO-ORG-1472,Investment Fund,,,,,,,,,,,,,,"BNP Paribas, Bridges and Rabobank have invested €1,5 million. The remaining €250,000 was invested by more than 200 private investors through the crowdfunding platform Oneplanetcrowd"
INDIGO-POJ-0285,investment3,INDIGO-ORG-0542,High Net Worth Individual/Family Office/Private Bank,,,,,,,,,,,,,,"BNP Paribas, Bridges and Rabobank have invested €1,5 million. The remaining €250,000 was invested by more than 200 private investors through the crowdfunding platform Oneplanetcrowd"
INDIGO-POJ-0286,investment1,INDIGO-ORG-1480,Investment Fund,,,,,,,,,,,,,,
INDIGO-POJ-0286,investment2,INDIGO-ORG-1312,Investment Fund,,,,,,,,,,,,,,
INDIGO-POJ-0286,investment3,INDIGO-ORG-1481,Investment Fund,,,,,,,,,,,,,,
INDIGO-POJ-0287,investment1,INDIGO-ORG-0155,,,,,,,,,,,,,,,
INDIGO-POJ-0287,investment2,INDIGO-ORG-1491,,,,,,,,,,,,,,,
INDIGO-POJ-0287,investment3,INDIGO-ORG-1492,,,,,,,,,,,,,,,
INDIGO-POJ-0287,investment4,INDIGO-ORG-1493,,,,,,,,,,,,,,,
INDIGO-POJ-0288,investment1,INDIGO-ORG-1538,High Net Worth Individual/Family Office/Private Bank,ZAR,,25000000,,,,,,,,,,,
INDIGO-POJ-0289,investment1,INDIGO-ORG-1021,,,,,,,,,,,,,,,
INDIGO-POJ-0290,investment1,INDIGO-ORG-1021,,,,,,,,,,,,,,,
INDIGO-POJ-0291,investment1,INDIGO-ORG-1506,,,,,,,,,,,,,,,
INDIGO-POJ-0291,investment2,INDIGO-ORG-1507,,,,,,,,,,,,,,,
INDIGO-POJ-0291,investment3,INDIGO-ORG-1508,,,,,,,,,,,,,,,
INDIGO-POJ-0295,investment1,INDIGO-ORG-1620,,,,,,,,,,,,,,,
INDIGO-POJ-0295,investment2,INDIGO-ORG-1460,,,,,,,,,,,,,,,
INDIGO-POJ-0295,investment3,INDIGO-ORG-1459,,,,,,,,,,,,,,,
INDIGO-POJ-0295,investment4,INDIGO-ORG-1624,,,,,,,,,,,,,,,
INDIGO-POJ-0295,investment5,INDIGO-ORG-1621,,,,,,,,,,,,,,,
INDIGO-POJ-0299,investment1,INDIGO-ORG-1547,,GBP,,,,,,,,,,,,,
INDIGO-POJ-0300,investment1,INDIGO-ORG-1547,,GBP,,,,,,,,,,,,,
INDIGO-POJ-0301,investments1,INDIGO-ORG-0121,Investment Fund,,,,,,,,,,,,,,
INDIGO-POJ-0304,investment1,INDIGO-ORG-1567,,,,,,,,,,,,,,,
INDIGO-POJ-0305,investment1,INDIGO-ORG-0008,,,,,,,,,,,,,,,
INDIGO-POJ-0306,investment1,INDIGO-ORG-0008,,,,,,,,,,,,,,,
INDIGO-POJ-0308,investment1,INDIGO-ORG-1547,,,,,,,,,,,,,,,
INDIGO-POJ-0309,investment1,INDIGO-ORG-0008,,,,,,,,,,,,,,,
INDIGO-POJ-0311,investment1,INDIGO-ORG-1599,,AED,,2700000,,,,,,,,,,,
INDIGO-POJ-0311,investment2,INDIGO-ORG-1600,,,,220000,,,,,,,,,,,
INDIGO-POJ-0312,investment1,INDIGO-ORG-1411,Investment Fund,,,,,,,,,,,,,,
INDIGO-POJ-0313,investment1,INDIGO-ORG-1411,Investment Fund,,,,,,,,,,,,,,
INDIGO-POJ-0314,investment1,INDIGO-ORG-1411,Investment Fund,,,,,,,,,,,,,,
INDIGO-POJ-0315,investment1,INDIGO-ORG-1610,Investment Fund,EUR,230000,230000,,,218500,,,,,,,,"Actual total investment (capital recycling) was 339,574 EURO (Total interest of 17,150 EURO and fees of 2,300 EURO) "
INDIGO-POJ-0316,investment1,INDIGO-ORG-0008,,,,,,,,,,,,,,,
INDIGO-POJ-0317,investments1,INDIGO-ORG-0206,Foundation/Philanthropist,EUR,,300000,,,342000,,,,,,,,
INDIGO-POJ-0318,investment1,INDIGO-ORG-0121,,,,,,,,,,,,,,,
INDIGO-POJ-0323,investment1,INDIGO-ORG-1651,,,,,,,,,,,,,,,
INDIGO-POJ-0324,investment1,INDIGO-ORG-1657,High Net Worth Individual/Family Office/Private Bank,,,,,,,,,,,,,,
INDIGO-POJ-0324,investment2,INDIGO-ORG-1658,High Net Worth Individual/Family Office/Private Bank,,,,,,,,,,,,,,
INDIGO-POJ-0324,investment3,INDIGO-ORG-1659,High Net Worth Individual/Family Office/Private Bank,,,,,,,,,,,,,,
INDIGO-POJ-0324,investment4,INDIGO-ORG-1660,High Net Worth Individual/Family Office/Private Bank,,,,,,,,,,,,,,
INDIGO-POJ-0324,investment5,INDIGO-ORG-1661,Foundation/Philanthropist,,,,,,,,,,,,,,
INDIGO-POJ-0325,investment1,INDIGO-ORG-0018,,,,,,,,,,,,,,,
INDIGO-POJ-0325,investment2,INDIGO-ORG-1663,,,,,,,,,,,,,,,
INDIGO-POJ-0325,investment3,INDIGO-ORG-1664,,,,,,,,,,,,,,,
INDIGO-POJ-0325,investment4,INDIGO-ORG-0336,,,,,,,,,,,,,,,
INDIGO-POJ-0325,investment5,INDIGO-ORG-1665,,,,,,,,,,,,,,,
INDIGO-POJ-0325,investment6,INDIGO-ORG-1666,,,,,,,,,,,,,,,
INDIGO-POJ-0326,investments1,INDIGO-ORG-0018,,,,,,,,,,,,,,,
INDIGO-POJ-0326,investments2,INDIGO-ORG-0336,,,,,,,,,,,,,,,
INDIGO-POJ-0327,investor1,INDIGO-ORG-0018,,,,,,,,,,,,,,,
INDIGO-POJ-0327,investor2,INDIGO-ORG-0336,,,,,,,,,,,,,,,
INDIGO-POJ-0327,investor3,INDIGO-ORG-1669,,,,,,,,,,,,,,,
INDIGO-POJ-0327,investor4,INDIGO-ORG-1670,,,,,,,,,,,,,,,
INDIGO-POJ-0327,investor5,INDIGO-ORG-1671,,,,,,,,,,,,,,,
INDIGO-POJ-0328,investments1,INDIGO-ORG-0018,,,,,,,,,,,,,,,
INDIGO-POJ-0328,investments2,INDIGO-ORG-1664,,,,,,,,,,,,,,,
INDIGO-POJ-0328,investments3,INDIGO-ORG-0025,,,,,,,,,,,,,,,
INDIGO-POJ-0328,investments4,INDIGO-ORG-1670,,,,,,,,,,,,,,,
INDIGO-POJ-0328,investments5,INDIGO-ORG-1676,,,,,,,,,,,,,,,
INDIGO-POJ-0328,investments6,INDIGO-ORG-1672,,,,,,,,,,,,,,,
INDIGO-POJ-0329,investments1,INDIGO-ORG-0018,,,,,,,,,,,,,,,
INDIGO-POJ-0329,investments2,INDIGO-ORG-1678,,,,,,,,,,,,,,,
INDIGO-POJ-0329,investments3,INDIGO-ORG-0336,,,,,,,,,,,,,,,
INDIGO-POJ-0329,investments4,INDIGO-ORG-1679,,,,,,,,,,,,,,,
INDIGO-POJ-0330,investments1,INDIGO-ORG-0018,,,,,,,,,,,,,,,
INDIGO-POJ-0330,investments2,INDIGO-ORG-0336,,,,,,,,,,,,,,,
INDIGO-POJ-0330,investments3,INDIGO-ORG-1681,,,,,,,,,,,,,,,
INDIGO-POJ-0331,investments1,INDIGO-ORG-0018,,,,,,,,,,,,,,,
INDIGO-POJ-0331,investments2,INDIGO-ORG-1682,,,,,,,,,,,,,,,
INDIGO-POJ-0331,investments3,INDIGO-ORG-1683,,,,,,,,,,,,,,,
INDIGO-POJ-0331,investments4,INDIGO-ORG-0025,,,,,,,,,,,,,,,
INDIGO-POJ-0332,investments1,INDIGO-ORG-0018,,,,,,,,,,,,,,,
INDIGO-POJ-0332,investments2,INDIGO-ORG-0336,,,,,,,,,,,,,,,
INDIGO-POJ-0334,investment1,INDIGO-ORG-0023,,,,,,,,,,,,,,,
INDIGO-POJ-0334,investment2,INDIGO-ORG-0710,,,,,,,,,,,,,,,
INDIGO-POJ-0334,investment3,INDIGO-ORG-0018,,,,,,,,,,,,,,,
INDIGO-POJ-0337,investment1,INDIGO-ORG-0018,,,,,,,,,,,,,,,
INDIGO-POJ-0337,investment2,INDIGO-ORG-1673,,,,,,,,,,,,,,,
INDIGO-POJ-0337,investment3,INDIGO-ORG-1698,,,,,,,,,,,,,,,
INDIGO-POJ-0337,investment4,INDIGO-ORG-1699,,,,,,,,,,,,,,,
INDIGO-POJ-0338,investment1,INDIGO-ORG-0018,,,,,,,,,,,,,,,
INDIGO-POJ-0338,investment2,INDIGO-ORG-1700,,,,,,,,,,,,,,,
INDIGO-POJ-0338,investment3,INDIGO-ORG-1701,,,,,,,,,,,,,,,
INDIGO-POJ-0338,investment4,INDIGO-ORG-1702,,,,,,,,,,,,,,,
